id,auditor_id,estado,porcentaje_cumplimiento,creada_en,finalizada_en,ubicacion_origen_id,ubicacion_destino_id,modo_auditoria
99,3,finalizada,85,2025-12-23 07:25:58.144757,2025-12-23 09:42:33.446508,1,31,normal
109,4,finalizada,55,2025-12-26 09:37:46.110069,2025-12-26 09:57:42.556184,1,18,normal
89,4,finalizada,95,2025-12-19 07:29:59.597356,2025-12-19 08:25:53.422062,1,31,normal
110,3,finalizada,52,2025-12-26 14:41:09.862763,2025-12-26 15:29:10.10887,1,19,normal
105,14,finalizada,99,2025-12-23 18:00:49.455434,2025-12-23 18:49:57.894449,4,9,normal
104,4,finalizada,39,2025-12-23 17:08:47.655396,2025-12-23 20:26:00.655518,1,18,normal
103,4,finalizada,70,2025-12-23 16:52:28.653525,2025-12-23 20:26:52.211245,1,27,normal
160,7,finalizada,74,2026-01-02 14:13:07.196098,2026-01-02 16:03:26.045283,1,15,normal
145,6,finalizada,0,2025-12-30 12:47:12.658782,2025-12-30 18:45:06.41177,1,12,normal
100,3,finalizada,65,2025-12-23 07:28:27.65322,2025-12-23 09:50:58.84424,1,13,normal
98,3,finalizada,91,2025-12-23 06:11:58.042095,2025-12-23 07:17:36.453947,1,12,normal
152,4,finalizada,41,2025-12-31 06:19:32.548671,2025-12-31 07:09:19.536818,1,2,normal
90,4,finalizada,11,2025-12-19 10:01:07.955178,2025-12-22 13:12:31.416625,1,18,normal
94,7,finalizada,23,2025-12-22 17:54:32.848439,2025-12-22 20:38:51.69949,1,18,normal
116,3,finalizada,41,2025-12-27 15:15:44.686075,2025-12-27 17:16:46.90282,1,16,normal
88,4,finalizada,41,2025-12-19 06:45:30.795004,2025-12-19 07:10:32.041,1,2,normal
101,3,finalizada,58,2025-12-23 09:37:49.211771,2025-12-23 11:14:40.147751,1,15,normal
96,4,finalizada,22,2025-12-22 20:37:57.891508,2025-12-22 21:17:09.810622,1,25,normal
92,4,finalizada,58,2025-12-22 13:05:53.77579,2025-12-22 14:36:02.855111,1,21,normal
153,4,finalizada,63,2025-12-31 06:20:10.051938,2025-12-31 07:30:14.099843,1,31,normal
91,14,finalizada,6,2025-12-19 14:28:48.964671,2025-12-22 21:42:07.257267,4,8,normal
132,15,finalizada,73,2025-12-29 13:58:33.756383,2025-12-29 20:14:00.024758,1,3,normal
95,4,finalizada,34,2025-12-22 20:35:12.195771,2025-12-22 22:00:59.825924,1,19,normal
93,7,finalizada,68,2025-12-22 17:46:50.851113,2025-12-22 22:02:10.02808,1,27,normal
134,4,finalizada,36,2025-12-29 14:26:34.23049,2025-12-29 15:01:06.908515,1,27,normal
129,4,finalizada,22,2025-12-29 12:20:06.364008,2025-12-29 15:01:21.623411,1,19,normal
139,7,finalizada,64,2025-12-29 16:57:43.422993,2025-12-29 18:42:21.214981,1,12,normal
107,7,finalizada,38,2025-12-23 21:04:23.338767,2025-12-23 21:31:41.114748,1,25,normal
462,21,finalizada,55,2026-02-05 13:59:15.881722,2026-02-06 20:03:07.700677,1,33,normal
102,14,finalizada,98,2025-12-23 15:12:56.424637,2025-12-23 15:45:40.726521,4,10,normal
97,14,finalizada,100,2025-12-22 21:23:38.071789,2025-12-23 17:59:36.169352,4,8,normal
118,14,finalizada,100,2025-12-27 16:52:25.587224,2025-12-27 17:28:30.548246,4,9,normal
123,4,finalizada,74,2025-12-28 14:02:09.982578,2025-12-28 15:54:11.050989,1,24,normal
161,6,finalizada,28,2026-01-02 15:42:42.286207,2026-01-02 20:07:14.544264,1,21,normal
124,4,finalizada,29,2025-12-28 14:06:59.177196,2025-12-28 19:31:47.384637,1,26,normal
130,4,finalizada,0,2025-12-29 13:13:43.863465,2025-12-29 13:19:03.096666,1,18,normal
106,7,finalizada,83,2025-12-23 20:26:43.645686,2025-12-23 21:01:17.667217,1,19,normal
157,18,en_progreso,100,2025-12-31 18:42:38.177876,,1,2,normal
133,4,finalizada,0,2025-12-29 14:19:23.627827,2025-12-29 14:27:30.396545,1,18,normal
143,3,finalizada,54,2025-12-30 06:57:08.286885,2025-12-30 11:28:41.874902,1,21,normal
138,6,finalizada,94,2025-12-29 16:54:00.421791,2025-12-29 21:08:06.504061,1,19,normal
140,7,finalizada,90,2025-12-29 18:40:34.717699,2025-12-29 22:24:10.365245,1,15,normal
115,14,finalizada,98,2025-12-27 14:12:16.976163,2025-12-27 14:28:32.79331,4,8,normal
120,14,finalizada,0,2025-12-27 17:34:33.273943,2025-12-27 17:50:46.988015,4,10,normal
137,7,en_progreso,59,2025-12-29 16:46:15.019707,,1,13,normal
113,3,finalizada,74,2025-12-27 14:05:52.950521,2025-12-27 15:09:52.621455,1,20,normal
117,6,finalizada,93,2025-12-27 15:18:02.585818,2025-12-28 01:32:55.587442,1,15,normal
108,4,finalizada,82,2025-12-26 08:18:24.201601,2025-12-26 09:33:20.819627,1,31,normal
121,14,finalizada,100,2025-12-27 17:51:08.284184,2025-12-27 18:10:58.00647,4,10,normal
114,7,finalizada,89,2025-12-27 14:06:40.228544,2025-12-27 18:57:44.999466,1,14,normal
463,22,finalizada,98,2026-02-05 20:30:08.621656,2026-02-05 21:25:46.297033,3,26,normal
125,4,finalizada,44,2025-12-28 14:58:52.066816,2025-12-28 19:08:10.657752,1,23,normal
461,21,finalizada,100,2026-02-05 13:58:50.175567,2026-02-06 20:02:51.412388,1,2,normal
126,4,finalizada,68,2025-12-28 16:43:35.326787,2025-12-28 17:36:29.597725,1,5,normal
154,4,finalizada,62,2025-12-31 09:36:39.671222,2025-12-31 10:01:36.751823,1,18,normal
127,4,finalizada,60,2025-12-28 18:25:35.319298,2025-12-28 20:06:28.424477,1,22,normal
122,3,finalizada,72,2025-12-27 20:35:58.595952,2025-12-29 07:37:00.535633,1,7,normal
128,3,finalizada,84,2025-12-29 07:36:44.640292,2025-12-29 08:41:29.652606,1,31,normal
131,4,finalizada,79,2025-12-29 13:14:11.558643,2025-12-29 16:55:09.274939,1,18,normal
144,3,finalizada,60,2025-12-30 06:59:30.691069,2025-12-30 11:08:59.405345,1,31,normal
136,7,finalizada,58,2025-12-29 16:14:22.830526,2025-12-29 17:50:05.713298,1,25,normal
142,3,finalizada,35,2025-12-30 03:07:34.101108,2025-12-30 04:46:25.634998,1,2,normal
151,4,finalizada,27,2025-12-31 01:21:56.5493,2025-12-31 03:30:17.43499,1,2,normal
150,7,finalizada,99,2025-12-30 13:21:00.499771,2025-12-30 14:01:57.515035,1,19,normal
159,3,finalizada,81,2026-01-02 12:46:25.681129,2026-01-02 14:11:39.681786,1,8,normal
149,7,en_progreso,40,2025-12-30 13:11:52.403714,,1,18,normal
148,6,finalizada,0,2025-12-30 13:07:04.303655,2025-12-30 18:44:49.343385,1,12,normal
155,14,finalizada,55,2025-12-31 14:28:26.914804,2025-12-31 20:01:34.850774,1,4,normal
147,6,finalizada,0,2025-12-30 12:57:36.500307,2025-12-30 18:44:55.743549,1,12,normal
162,6,finalizada,95,2026-01-02 20:52:52.92766,2026-01-02 22:06:11.590433,1,2,normal
156,18,finalizada,100,2025-12-31 18:40:21.211642,2025-12-31 18:41:59.102215,1,2,normal
158,4,finalizada,42,2026-01-01 09:25:14.485855,2026-01-01 09:44:02.155111,1,9,normal
163,5,finalizada,89,2026-01-03 06:25:38.872262,2026-01-03 06:59:30.889151,1,14,normal
167,15,finalizada,65,2026-01-03 13:48:34.012407,2026-01-03 19:21:43.243575,1,3,normal
168,6,finalizada,89,2026-01-03 14:13:52.708783,2026-01-03 14:50:55.598131,1,14,normal
164,4,finalizada,95,2026-01-03 12:42:30.688863,2026-01-03 14:03:25.010879,1,4,normal
169,4,finalizada,57,2026-01-03 15:09:22.207971,2026-01-03 16:39:28.000286,1,2,normal
170,4,finalizada,87,2026-01-03 20:28:23.865961,2026-01-03 21:09:17.516947,1,26,normal
171,4,finalizada,87,2026-01-03 20:40:54.772462,2026-01-03 22:12:08.791353,1,5,normal
172,4,finalizada,85,2026-01-03 22:17:18.769137,2026-01-03 22:53:33.760705,1,23,normal
173,3,finalizada,82,2026-01-03 23:58:22.052188,2026-01-04 02:12:13.672641,1,24,normal
174,3,finalizada,75,2026-01-04 02:51:53.514759,2026-01-04 11:35:04.748866,1,22,normal
177,21,en_progreso,8,2026-01-05 16:25:15.507514,,1,2,normal
175,4,finalizada,73,2026-01-04 13:54:17.119743,2026-01-06 00:06:30.552332,1,2,normal
209,4,finalizada,93,2026-01-07 08:02:50.255151,2026-01-07 13:15:44.365643,1,8,normal
223,5,finalizada,38,2026-01-08 05:25:57.117594,2026-01-08 09:01:47.497435,1,20,normal
198,4,finalizada,80,2026-01-07 00:25:11.984738,2026-01-07 00:59:07.232459,1,2,normal
201,4,finalizada,84,2026-01-07 03:17:11.71043,2026-01-07 03:44:12.72596,1,27,normal
202,4,finalizada,0,2026-01-07 03:17:47.811195,2026-01-07 04:56:45.590843,1,19,normal
181,4,finalizada,89,2026-01-06 02:01:18.153774,2026-01-06 03:56:26.824441,1,2,normal
214,22,finalizada,100,2026-01-07 14:02:15.917768,2026-01-07 20:10:53.773643,3,23,normal
199,4,finalizada,88,2026-01-07 00:26:41.89498,2026-01-07 01:11:40.197345,1,31,normal
207,4,finalizada,3,2026-01-07 05:13:17.209455,2026-01-07 05:38:03.078818,1,19,normal
208,4,finalizada,87,2026-01-07 06:44:35.288876,2026-01-07 07:57:43.561636,1,10,normal
178,4,finalizada,77,2026-01-06 00:06:54.548742,2026-01-06 01:08:21.051632,1,2,normal
216,14,finalizada,62,2026-01-07 16:34:44.815818,2026-01-07 21:44:21.21745,1,4,normal
194,7,finalizada,96,2026-01-06 18:51:56.268105,2026-01-06 22:35:28.834235,1,2,normal
217,3,finalizada,90,2026-01-07 21:59:08.521537,2026-01-07 23:13:49.661581,1,25,normal
211,3,finalizada,88,2026-01-07 13:22:29.50999,2026-01-07 14:33:52.802662,1,9,normal
182,4,finalizada,67,2026-01-06 03:00:53.263343,2026-01-06 05:25:15.832759,1,25,normal
180,4,finalizada,90,2026-01-06 01:56:53.446522,2026-01-06 04:23:58.492862,1,31,normal
464,22,finalizada,100,2026-02-05 20:32:15.76125,2026-02-05 21:25:34.948413,3,23,normal
239,5,en_progreso,3,2026-01-09 04:37:13.901452,,1,19,normal
192,14,finalizada,100,2026-01-06 17:04:12.191025,2026-01-06 17:23:41.467041,4,10,normal
187,4,finalizada,69,2026-01-06 06:42:52.80279,2026-01-06 07:17:33.413301,1,20,normal
264,22,en_progreso,1,2026-01-14 13:47:14.340176,,1,3,normal
186,4,finalizada,52,2026-01-06 06:42:04.805792,2026-01-06 07:03:10.951002,1,16,normal
470,21,finalizada,97,2026-02-06 13:29:13.281066,2026-02-06 21:52:55.967176,1,2,normal
179,4,finalizada,94,2026-01-06 01:15:12.546155,2026-01-06 01:43:40.332627,1,31,normal
213,22,finalizada,100,2026-01-07 14:01:00.213729,2026-01-07 20:23:38.631482,3,26,normal
203,4,finalizada,83,2026-01-07 03:18:13.813734,2026-01-07 04:08:54.267937,1,12,normal
188,5,finalizada,76,2026-01-06 12:27:34.14232,2026-01-06 17:48:12.264643,1,4,normal
193,14,finalizada,100,2026-01-06 17:29:14.087594,2026-01-06 17:52:48.066098,4,8,normal
183,4,finalizada,92,2026-01-06 03:01:46.357771,2026-01-06 05:42:28.170081,1,19,normal
228,5,finalizada,95,2026-01-08 07:24:55.718233,2026-01-08 07:54:30.759592,1,27,normal
200,4,finalizada,85,2026-01-07 00:27:12.198723,2026-01-07 01:42:20.138754,1,18,normal
185,4,finalizada,65,2026-01-06 04:58:27.757443,2026-01-06 06:12:55.540537,1,14,normal
267,22,finalizada,100,2026-01-14 15:45:56.687502,2026-01-14 20:27:57.878784,3,24,normal
184,4,finalizada,84,2026-01-06 03:06:29.355878,2026-01-06 05:58:24.287111,1,27,normal
197,5,finalizada,89,2026-01-06 22:59:55.157819,2026-01-06 23:23:15.214023,1,25,normal
176,6,finalizada,68,2026-01-05 14:11:14.687324,2026-01-06 15:58:40.056448,1,21,normal
206,4,finalizada,74,2026-01-07 05:05:06.205376,2026-01-07 05:52:40.486774,1,13,normal
226,5,finalizada,89,2026-01-08 05:46:41.2173,2026-01-08 06:52:40.692805,1,16,normal
218,5,finalizada,90,2026-01-08 02:47:58.138295,2026-01-08 05:04:28.717275,1,18,normal
215,6,finalizada,100,2026-01-07 14:08:18.819447,2026-01-07 16:25:42.835435,1,19,normal
250,4,finalizada,86,2026-01-12 07:18:42.137468,2026-01-12 09:32:25.015214,1,18,normal
191,22,finalizada,50,2026-01-06 14:27:33.703357,2026-01-06 18:26:08.792207,1,3,normal
473,3,finalizada,100,2026-02-06 19:14:06.374358,2026-02-06 19:30:38.039908,4,8,normal
475,28,en_progreso,,2026-02-06 20:45:41.755621,,1,4,normal
476,28,en_progreso,,2026-02-06 22:00:29.905183,,,,ultima_milla
212,22,finalizada,100,2026-01-07 13:58:39.808294,2026-01-07 19:58:05.052639,3,24,normal
220,5,en_progreso,0,2026-01-08 03:05:46.734737,,1,20,normal
256,4,finalizada,70,2026-01-13 06:29:28.131001,2026-01-13 07:25:41.128573,1,31,normal
225,5,en_progreso,12,2026-01-08 05:40:40.923231,,1,27,normal
205,4,finalizada,82,2026-01-07 03:19:28.508397,2026-01-07 04:32:06.515304,1,12,normal
229,3,finalizada,89,2026-01-08 12:32:16.392427,2026-01-08 17:16:06.105181,1,24,normal
232,3,finalizada,93,2026-01-08 12:55:12.890098,2026-01-08 14:27:17.027333,1,23,normal
253,4,finalizada,44,2026-01-13 01:20:34.537517,2026-01-13 03:47:51.175011,1,4,normal
249,4,finalizada,87,2026-01-12 07:18:16.235632,2026-01-12 08:27:39.559834,1,27,normal
240,5,finalizada,91,2026-01-09 06:04:31.405123,2026-01-09 07:43:38.957055,1,12,normal
230,3,finalizada,82,2026-01-08 12:37:39.189322,2026-01-08 15:22:51.02388,1,26,normal
245,14,en_progreso,75,2026-01-09 20:50:54.731594,,4,8,normal
227,5,finalizada,91,2026-01-08 05:56:13.714178,2026-01-08 06:24:00.634257,1,14,normal
252,5,finalizada,42,2026-01-12 22:06:25.753483,2026-01-13 01:16:38.876501,1,3,normal
243,5,finalizada,70,2026-01-09 08:26:13.398051,2026-01-09 09:53:43.421706,1,15,normal
233,7,en_progreso,18,2026-01-08 13:14:08.581582,,1,3,normal
234,7,en_progreso,25,2026-01-08 13:17:44.784474,,1,3,normal
255,4,finalizada,95,2026-01-13 03:47:17.322261,2026-01-13 04:13:51.519327,1,2,normal
224,5,finalizada,100,2026-01-08 05:32:09.415531,2026-01-09 02:27:41.065958,1,19,normal
237,5,finalizada,91,2026-01-09 04:28:37.097353,2026-01-09 06:18:25.441873,1,18,normal
238,5,finalizada,88,2026-01-09 04:32:59.103927,2026-01-09 06:22:21.890244,1,27,normal
236,5,finalizada,92,2026-01-09 03:59:36.307717,2026-01-09 06:22:48.738729,1,31,normal
244,5,finalizada,88,2026-01-09 08:32:27.790792,2026-01-09 09:30:01.301609,1,2,normal
235,5,finalizada,88,2026-01-09 02:41:43.900397,2026-01-09 06:23:32.457948,1,25,normal
241,5,finalizada,93,2026-01-09 06:53:12.337825,2026-01-09 08:15:22.025294,1,13,normal
248,4,finalizada,93,2026-01-12 00:47:53.608158,2026-01-12 01:42:50.636871,1,2,normal
246,4,finalizada,87,2026-01-10 11:25:07.51415,2026-01-10 13:50:34.39281,1,11,normal
247,4,finalizada,89,2026-01-10 13:37:18.830465,2026-01-10 16:54:12.639298,1,7,normal
251,4,finalizada,84,2026-01-12 09:11:52.029042,2026-01-12 10:05:40.412831,1,25,normal
258,4,finalizada,68,2026-01-13 08:57:59.150631,2026-01-13 09:31:32.48398,1,18,normal
257,4,finalizada,70,2026-01-13 07:40:56.03724,2026-01-13 08:28:54.741586,1,19,normal
259,4,finalizada,79,2026-01-13 09:37:04.853668,2026-01-13 10:14:16.965359,1,27,normal
260,14,finalizada,98,2026-01-13 14:57:09.456163,2026-01-13 15:12:27.535479,4,9,normal
261,14,finalizada,100,2026-01-13 17:19:39.297512,2026-01-13 18:06:04.279839,4,10,normal
262,14,finalizada,100,2026-01-13 18:36:14.154207,2026-01-13 18:59:54.257393,4,8,normal
263,5,finalizada,64,2026-01-14 07:02:43.753325,2026-01-14 09:31:59.812732,1,18,normal
266,7,en_progreso,69,2026-01-14 13:55:50.986538,,1,15,normal
265,3,finalizada,98,2026-01-14 13:55:41.479703,2026-01-14 15:08:37.388843,1,13,normal
288,4,finalizada,89,2026-01-18 00:56:22.444239,2026-01-19 06:19:07.781934,1,24,normal
321,3,finalizada,90,2026-01-24 03:27:20.817327,2026-01-24 04:26:02.568101,1,2,normal
314,22,finalizada,100,2026-01-23 15:37:20.854943,2026-01-23 19:28:56.494867,3,24,normal
317,14,finalizada,59,2026-01-23 17:39:31.264303,2026-01-23 19:30:52.714925,3,8,normal
302,4,finalizada,89,2026-01-22 13:09:44.160297,2026-01-22 17:23:33.242349,1,9,normal
277,18,en_progreso,100,2026-01-15 21:32:03.648597,,1,4,contraparte
307,4,finalizada,89,2026-01-22 18:59:42.788543,2026-01-22 20:06:12.130515,1,14,normal
311,4,finalizada,83,2026-01-23 12:28:28.56391,2026-01-23 21:11:53.477399,1,26,normal
280,14,finalizada,100,2026-01-15 22:31:15.208225,2026-01-16 14:52:17.003398,4,10,normal
293,14,finalizada,95,2026-01-20 14:52:42.923465,2026-01-20 15:21:58.14175,4,9,normal
278,18,en_progreso,100,2026-01-15 22:13:05.492682,,1,2,contraparte
296,14,en_progreso,100,2026-01-20 19:21:52.821547,,3,23,normal
295,14,en_progreso,100,2026-01-20 17:48:20.731692,,4,26,normal
287,4,finalizada,84,2026-01-18 00:50:40.238872,2026-01-18 04:45:55.383786,1,26,normal
305,23,finalizada,100,2026-01-22 15:02:56.052361,2026-01-22 15:42:53.924399,19,32,normal
297,4,finalizada,78,2026-01-21 12:31:47.543848,2026-01-21 12:55:43.919208,1,19,normal
331,4,finalizada,96,2026-01-25 12:52:26.242828,2026-01-25 13:15:38.70817,1,23,normal
290,4,finalizada,78,2026-01-19 06:19:28.612688,2026-01-19 06:57:36.088752,1,31,normal
269,22,finalizada,100,2026-01-14 15:51:18.483231,2026-01-14 20:00:38.141324,3,23,normal
268,22,finalizada,89,2026-01-14 15:48:53.993691,2026-01-14 20:32:45.497974,3,26,normal
274,4,finalizada,66,2026-01-15 12:16:56.717252,2026-01-15 12:51:03.690546,1,14,normal
281,4,finalizada,72,2026-01-16 12:12:20.622263,2026-01-16 12:25:26.308324,1,27,normal
285,14,en_progreso,33,2026-01-17 17:08:55.925856,,1,4,normal
272,3,finalizada,84,2026-01-14 19:09:19.483071,2026-01-14 21:04:34.898642,1,2,normal
292,6,finalizada,90,2026-01-19 13:39:54.260741,2026-01-19 19:42:12.560659,1,18,normal
339,3,en_progreso,51,2026-01-26 08:28:24.858095,,1,18,normal
468,4,finalizada,96,2026-02-06 06:59:11.481908,2026-02-06 09:31:40.926952,1,19,normal
279,14,finalizada,98,2026-01-15 22:28:28.592457,2026-01-16 14:31:07.979664,4,9,normal
465,4,finalizada,69,2026-02-06 00:49:17.36795,2026-02-06 02:30:07.836732,1,2,normal
284,22,finalizada,100,2026-01-16 17:49:34.854638,2026-01-16 19:15:36.481622,3,23,normal
335,4,finalizada,93,2026-01-25 18:05:48.056088,2026-01-25 18:37:16.225401,1,9,normal
334,4,finalizada,100,2026-01-25 16:27:30.043438,2026-01-25 17:00:12.410838,1,10,normal
289,4,finalizada,85,2026-01-18 02:10:47.765014,2026-01-18 05:39:55.420599,1,10,normal
283,22,finalizada,100,2026-01-16 17:43:34.352492,2026-01-16 19:43:10.675677,3,26,normal
275,4,finalizada,85,2026-01-15 16:48:02.110857,2026-01-16 12:11:46.640112,1,2,normal
294,14,finalizada,100,2026-01-20 15:15:17.923658,2026-01-20 15:43:55.71777,4,10,normal
324,3,finalizada,91,2026-01-24 07:38:06.997799,2026-01-24 08:51:12.761672,1,13,normal
330,4,finalizada,56,2026-01-24 19:54:52.537785,2026-01-25 17:00:24.942946,1,2,normal
271,14,en_progreso,41,2026-01-14 18:55:54.893918,,1,4,normal
319,3,finalizada,92,2026-01-24 00:36:38.610451,2026-01-24 01:25:36.918369,1,25,normal
325,3,finalizada,91,2026-01-24 08:46:30.894266,2026-01-24 09:23:17.997955,1,15,normal
301,4,finalizada,92,2026-01-21 20:26:10.602134,2026-01-21 21:15:33.636831,1,15,normal
309,14,en_progreso,21,2026-01-22 19:14:35.977842,,1,4,normal
298,4,finalizada,85,2026-01-21 12:34:42.146704,2026-01-21 13:45:02.538287,1,25,normal
276,18,pendiente_contraparte,12,2026-01-15 20:50:48.273645,,1,4,contraparte
282,22,finalizada,100,2026-01-16 17:40:04.74931,2026-01-16 20:01:40.208925,3,24,normal
467,4,finalizada,96,2026-02-06 05:36:32.547879,2026-02-06 07:50:54.888177,1,31,normal
466,4,finalizada,78,2026-02-06 00:50:40.662488,2026-02-06 07:31:45.489007,1,2,normal
286,4,finalizada,90,2026-01-18 00:46:04.239731,2026-01-18 04:19:04.496334,1,23,normal
291,4,finalizada,93,2026-01-19 07:08:12.413211,2026-01-19 08:37:13.853124,1,19,normal
313,14,finalizada,75,2026-01-23 15:23:38.359859,2026-01-23 15:34:13.634515,4,10,normal
322,3,finalizada,93,2026-01-24 04:47:36.911123,2026-01-24 07:37:12.960735,1,27,normal
306,4,finalizada,82,2026-01-22 17:22:01.412227,2026-01-22 18:08:47.396467,1,19,normal
304,23,finalizada,100,2026-01-22 14:38:04.457424,2026-01-22 14:58:01.637552,19,28,normal
316,22,finalizada,100,2026-01-23 15:39:39.759699,2026-01-23 19:27:51.833849,3,23,normal
312,14,finalizada,80,2026-01-23 15:23:03.17564,2026-01-23 15:32:39.651041,4,9,normal
332,4,finalizada,96,2026-01-25 12:56:01.849927,2026-01-25 13:11:28.856374,1,26,normal
326,3,finalizada,89,2026-01-24 09:20:20.795728,2026-01-24 10:00:58.37236,1,12,normal
310,4,finalizada,88,2026-01-23 12:25:27.966118,2026-01-23 14:19:06.594252,1,23,normal
315,22,finalizada,100,2026-01-23 15:38:01.264936,2026-01-23 19:28:22.536174,3,26,normal
320,3,finalizada,92,2026-01-24 01:34:26.212905,2026-01-24 03:13:34.639989,1,19,normal
318,4,finalizada,96,2026-01-23 22:12:56.625372,2026-01-24 12:22:09.389399,1,18,normal
333,4,finalizada,95,2026-01-25 15:36:12.930462,2026-01-25 16:30:31.169932,1,24,normal
323,3,finalizada,92,2026-01-24 04:50:55.019963,2026-01-24 05:09:15.470586,1,19,normal
472,14,finalizada,100,2026-02-06 13:56:09.683672,2026-02-06 14:30:35.322756,4,10,normal
327,4,finalizada,86,2026-01-24 12:22:40.458644,2026-01-24 14:02:33.161241,1,20,normal
471,14,finalizada,100,2026-02-06 13:55:46.394753,2026-02-06 14:35:06.121057,4,9,normal
478,17,finalizada,0,2026-02-07 02:43:08.743947,2026-02-21 20:55:24.699418,1,2,normal
329,4,finalizada,91,2026-01-24 14:44:13.936617,2026-01-24 19:54:22.401523,1,14,normal
337,3,finalizada,80,2026-01-26 00:53:07.37399,2026-01-26 08:15:52.537397,1,2,normal
336,4,finalizada,89,2026-01-25 18:41:10.357483,2026-01-25 19:40:31.851426,1,8,normal
338,3,finalizada,90,2026-01-26 06:05:19.059264,2026-01-26 07:18:42.122282,1,31,normal
342,4,finalizada,18,2026-01-26 12:37:02.282952,2026-01-26 14:58:38.392917,1,25,normal
344,23,en_progreso,100,2026-01-26 15:41:43.315663,,1,19,conteo_rapido
479,21,finalizada,3,2026-02-07 12:15:47.114327,2026-02-07 22:08:46.594544,1,2,normal
346,14,finalizada,76,2026-01-27 14:58:11.082961,2026-01-27 15:23:53.997122,4,10,normal
347,4,finalizada,73,2026-01-27 20:13:10.237866,2026-01-27 21:24:32.341637,1,11,normal
348,4,finalizada,4,2026-01-27 21:06:04.994084,2026-01-27 21:24:20.118836,1,7,contraparte
350,4,finalizada,0,2026-01-27 23:00:50.040188,2026-01-28 12:29:01.400975,1,4,normal
349,4,finalizada,52,2026-01-27 21:21:55.633312,2026-01-27 23:45:36.634606,1,7,normal
352,4,finalizada,91,2026-01-28 12:22:58.523645,2026-01-28 18:16:29.702713,1,15,normal
351,4,finalizada,94,2026-01-28 12:16:59.121761,2026-01-28 13:32:15.156887,1,12,normal
343,6,finalizada,90,2026-01-26 14:44:38.647439,2026-01-30 17:48:34.83936,1,27,normal
355,14,finalizada,100,2026-01-28 13:46:14.193847,2026-01-29 13:57:41.854879,4,29,normal
370,14,finalizada,24,2026-01-29 14:13:18.035966,2026-01-30 22:33:42.377298,1,4,normal
391,4,finalizada,76,2026-01-30 08:57:27.281124,2026-01-30 11:23:54.08805,1,25,normal
360,4,finalizada,71,2026-01-28 19:47:30.861025,2026-01-28 21:39:29.096727,1,5,contraparte
413,4,finalizada,81,2026-02-02 13:13:42.437952,2026-02-02 19:31:19.874434,1,25,normal
374,21,finalizada,100,2026-01-29 20:07:25.599796,2026-01-29 20:19:59.276837,2,1,normal
356,21,en_progreso,35,2026-01-28 14:16:28.715162,,1,2,normal
448,21,finalizada,48,2026-02-04 19:05:09.380224,2026-02-05 13:58:07.409915,1,33,normal
447,21,finalizada,44,2026-02-04 19:04:35.770239,2026-02-05 13:58:17.105683,1,2,normal
354,4,finalizada,94,2026-01-28 12:28:50.216041,2026-01-28 13:55:41.309448,1,13,normal
353,4,finalizada,0,2026-01-28 12:28:26.522027,2026-01-28 14:05:40.97799,1,25,normal
372,6,finalizada,96,2026-01-29 16:59:56.273882,2026-01-29 17:58:23.938903,1,18,normal
449,14,finalizada,46,2026-02-04 20:12:24.475277,2026-02-05 22:16:18.672069,1,4,normal
456,4,finalizada,90,2026-02-05 06:56:00.18525,2026-02-06 00:48:54.613636,1,18,normal
412,4,finalizada,82,2026-02-02 12:35:56.23262,2026-02-02 19:31:30.645909,1,27,normal
387,4,finalizada,86,2026-01-30 05:42:50.245621,2026-01-30 09:20:02.063598,1,31,normal
359,4,finalizada,91,2026-01-28 19:46:58.067121,2026-01-28 22:56:05.015985,1,9,contraparte
416,14,finalizada,21,2026-02-02 14:07:18.885285,2026-02-05 22:16:34.147763,1,4,normal
401,14,finalizada,100,2026-01-30 21:45:17.844063,2026-02-05 22:16:46.204831,4,8,normal
371,21,finalizada,18,2026-01-29 15:06:45.130144,2026-01-29 20:42:05.735714,1,2,normal
404,4,finalizada,90,2026-01-31 05:35:10.460951,2026-01-31 07:29:12.954659,1,18,normal
441,5,en_progreso,0,2026-02-04 15:18:47.263854,,1,12,normal
400,7,en_progreso,16,2026-01-30 19:52:38.849359,,1,4,normal
363,21,finalizada,60,2026-01-29 12:01:49.749396,2026-01-29 15:03:30.833913,1,2,normal
395,7,en_progreso,1,2026-01-30 18:24:10.148476,,1,4,normal
376,18,finalizada,100,2026-01-29 22:58:44.402398,2026-01-29 23:28:45.564453,38,37,ultima_milla
378,18,finalizada,0,2026-01-30 00:04:38.604564,2026-01-30 00:05:55.474385,38,37,ultima_milla
364,22,finalizada,100,2026-01-29 13:58:55.135833,2026-01-29 19:43:08.924108,3,24,normal
380,4,finalizada,91,2026-01-30 00:17:18.432073,2026-01-30 01:56:35.413109,1,16,normal
390,4,finalizada,70,2026-01-30 08:45:15.786638,2026-01-30 09:54:54.380265,1,18,normal
429,14,finalizada,100,2026-02-03 15:04:36.727722,2026-02-03 15:24:42.557464,4,10,normal
365,22,finalizada,100,2026-01-29 13:59:31.437903,2026-01-29 19:45:04.043475,3,26,normal
399,22,finalizada,100,2026-01-30 19:14:05.461166,2026-01-30 20:05:17.474969,3,23,normal
389,4,finalizada,82,2026-01-30 07:33:42.288374,2026-01-30 09:56:38.749043,1,19,normal
406,4,finalizada,89,2026-01-31 06:32:02.639386,2026-01-31 07:11:22.930669,1,27,normal
405,4,finalizada,89,2026-01-31 06:14:08.439318,2026-01-31 08:31:49.671331,1,14,normal
357,21,en_progreso,12,2026-01-28 14:17:53.216206,,1,33,normal
366,22,finalizada,100,2026-01-29 14:00:03.932056,2026-01-29 19:49:07.519258,3,23,normal
408,21,en_progreso,49,2026-01-31 13:26:24.902407,,1,2,normal
358,18,en_progreso,100,2026-01-28 16:59:33.716305,,1,2,contraparte
388,4,finalizada,40,2026-01-30 07:30:20.180429,2026-01-30 08:01:13.17643,1,2,normal
428,14,finalizada,100,2026-02-03 15:02:11.62564,2026-02-03 15:26:30.828956,4,9,normal
379,4,finalizada,91,2026-01-30 00:12:35.131043,2026-01-30 00:45:24.849112,1,14,normal
398,22,finalizada,100,2026-01-30 19:13:34.751833,2026-01-30 20:09:23.345964,3,26,normal
410,21,finalizada,82,2026-01-31 15:22:45.519666,2026-01-31 20:51:27.163183,1,2,normal
394,6,finalizada,91,2026-01-30 17:16:36.752437,2026-01-30 17:48:09.332568,1,14,normal
373,5,finalizada,100,2026-01-29 19:03:15.104985,2026-01-29 22:09:38.889627,1,24,normal
362,18,en_progreso,100,2026-01-28 20:51:53.269171,,1,2,contraparte
386,4,finalizada,43,2026-01-30 05:42:19.24106,2026-01-30 07:34:09.045675,1,2,normal
403,4,finalizada,57,2026-01-31 03:04:57.950775,2026-01-31 05:35:51.833583,1,2,normal
407,4,finalizada,91,2026-01-31 07:17:55.329834,2026-01-31 09:34:07.997838,1,16,normal
402,4,finalizada,63,2026-01-31 00:11:04.86251,2026-01-31 01:35:43.269788,1,2,normal
375,14,finalizada,98,2026-01-29 21:40:22.697564,2026-01-30 14:54:33.632552,4,9,normal
436,3,finalizada,64,2026-02-04 01:10:59.18041,2026-02-04 03:35:46.660541,1,11,normal
420,18,en_progreso,1,2026-02-02 16:14:12.807223,,1,4,normal
397,22,finalizada,100,2026-01-30 19:12:53.860674,2026-01-30 20:16:37.613342,3,24,normal
392,21,finalizada,69,2026-01-30 13:38:25.155612,2026-01-31 15:23:17.107991,1,2,normal
431,6,finalizada,97,2026-02-03 16:18:03.723984,2026-02-03 20:36:27.125652,1,27,normal
415,6,finalizada,93,2026-02-02 14:03:23.277673,2026-02-02 20:55:29.962133,1,19,normal
414,21,finalizada,48,2026-02-02 13:40:22.742553,2026-02-02 18:52:26.479284,1,2,normal
418,4,finalizada,34,2026-02-02 15:48:53.388037,2026-02-02 19:31:08.919648,1,21,normal
426,4,finalizada,90,2026-02-02 21:42:01.245371,2026-02-03 14:48:04.901286,1,15,normal
427,4,finalizada,92,2026-02-02 23:00:52.850148,2026-02-03 14:48:12.441055,1,13,normal
433,4,finalizada,73,2026-02-03 16:45:15.422034,2026-02-03 18:39:05.597793,1,16,normal
438,3,en_progreso,96,2026-02-04 06:20:05.173873,,1,2,normal
425,4,finalizada,1,2026-02-02 21:31:01.455655,2026-02-02 22:58:46.340662,1,15,conteo_rapido
437,3,finalizada,38,2026-02-04 03:18:15.37923,2026-02-04 04:18:49.756714,1,7,normal
439,7,en_progreso,,2026-02-04 13:40:41.563009,,1,27,normal
432,14,finalizada,100,2026-02-03 16:42:33.419106,2026-02-03 17:18:41.875073,4,8,normal
430,4,finalizada,94,2026-02-03 15:33:02.314655,2026-02-03 16:27:38.583274,1,19,normal
443,5,en_progreso,57,2026-02-04 15:22:55.863207,,1,15,normal
434,4,finalizada,0,2026-02-03 18:38:50.459107,2026-02-03 23:18:35.007736,1,22,normal
444,5,en_progreso,,2026-02-04 17:40:41.568294,,1,8,normal
445,5,en_progreso,,2026-02-04 17:48:40.264017,,1,9,normal
442,5,en_progreso,85,2026-02-04 15:21:09.864261,,1,13,normal
440,5,finalizada,46,2026-02-04 15:14:54.168725,2026-02-04 18:06:10.646137,1,21,normal
435,4,finalizada,87,2026-02-03 18:41:56.254085,2026-02-05 00:20:11.714221,1,4,normal
452,4,finalizada,0,2026-02-05 00:21:40.827681,2026-02-05 02:20:38.092597,1,13,normal
451,4,finalizada,84,2026-02-05 00:20:44.32884,2026-02-05 04:07:06.841077,1,12,normal
453,4,finalizada,88,2026-02-05 00:24:17.528814,2026-02-05 03:11:15.694434,1,5,normal
454,4,finalizada,93,2026-02-05 02:20:57.523317,2026-02-05 04:16:49.34882,1,15,normal
455,4,finalizada,72,2026-02-05 06:05:38.876513,2026-02-05 07:06:50.228439,1,2,normal
501,4,finalizada,53,2026-02-09 22:41:12.152283,2026-02-11 00:16:24.316125,1,12,normal
519,4,finalizada,100,2026-02-11 07:35:04.407642,2026-02-11 08:53:04.459856,1,27,normal
499,4,finalizada,0,2026-02-09 16:05:36.792715,2026-02-11 00:16:33.857713,1,3,contraparte
503,14,finalizada,100,2026-02-10 14:14:23.444149,2026-02-10 15:09:41.487315,4,10,normal
483,6,finalizada,94,2026-02-07 13:55:31.985261,2026-02-07 20:51:35.210758,1,12,normal
458,4,finalizada,85,2026-02-05 07:00:13.081004,2026-02-05 11:07:56.696575,1,25,normal
460,4,finalizada,94,2026-02-05 07:05:48.071932,2026-02-06 00:48:37.2096,1,27,normal
457,4,finalizada,91,2026-02-05 06:58:23.78358,2026-02-06 00:48:46.329264,1,19,normal
484,18,en_progreso,,2026-02-07 20:53:55.320208,,4,26,normal
485,18,en_progreso,50,2026-02-07 20:59:21.500617,,4,10,normal
495,4,finalizada,33,2026-02-09 12:23:02.64456,2026-02-09 15:30:17.13483,1,27,normal
486,18,en_progreso,100,2026-02-07 21:03:35.106921,,1,10,normal
481,21,finalizada,84,2026-02-07 13:19:08.192124,2026-02-07 22:08:20.322547,1,33,normal
480,21,finalizada,53,2026-02-07 13:18:28.99418,2026-02-07 22:08:32.89987,1,2,normal
487,4,finalizada,93,2026-02-08 12:23:59.596725,2026-02-08 14:37:18.514444,1,10,normal
508,6,finalizada,40,2026-02-10 15:13:08.735479,2026-02-11 01:10:14.93557,1,11,normal
469,4,finalizada,97,2026-02-06 07:54:52.689685,2026-02-06 11:37:31.91883,1,18,normal
502,14,finalizada,100,2026-02-10 14:07:25.136203,2026-02-10 14:33:47.078853,4,9,normal
488,4,finalizada,93,2026-02-08 12:27:10.796238,2026-02-08 15:17:44.93479,1,9,normal
493,16,finalizada,46,2026-02-09 06:28:04.205245,2026-02-09 08:56:26.889682,2,33,normal
510,14,finalizada,100,2026-02-10 18:02:08.935854,2026-02-10 18:41:28.487214,4,8,normal
505,6,finalizada,97,2026-02-10 14:36:22.544882,2026-02-10 20:20:17.705321,1,4,normal
515,4,finalizada,94,2026-02-11 00:24:21.70659,2026-02-11 05:36:59.321061,1,16,normal
492,3,finalizada,89,2026-02-09 05:49:42.101987,2026-02-09 07:26:57.905945,1,31,normal
494,3,finalizada,91,2026-02-09 07:35:31.707402,2026-02-09 09:40:19.831535,1,19,normal
528,5,finalizada,98,2026-02-11 20:38:49.24333,2026-02-11 22:10:29.104253,1,9,normal
514,4,finalizada,82,2026-02-11 00:20:54.707948,2026-02-11 06:33:35.028702,1,14,normal
531,22,finalizada,100,2026-02-11 20:46:22.933486,2026-02-11 21:59:23.248331,3,26,normal
518,4,finalizada,96,2026-02-11 07:32:15.697516,2026-02-11 08:24:45.815634,1,18,normal
537,4,finalizada,98,2026-02-12 05:18:15.569782,2026-02-12 07:07:23.2014,1,25,normal
557,3,finalizada,97,2026-02-13 12:51:02.342706,2026-02-19 12:46:14.660973,1,27,normal
459,4,finalizada,92,2026-02-05 07:02:11.972593,2026-02-05 10:41:59.731154,1,14,normal
520,4,finalizada,99,2026-02-11 08:50:39.797487,2026-02-11 09:10:00.784136,1,25,normal
513,4,finalizada,60,2026-02-11 00:13:24.708557,2026-02-11 01:03:02.415211,1,7,normal
498,4,finalizada,80,2026-02-09 15:19:11.694891,2026-02-09 18:26:01.94026,1,21,normal
482,14,finalizada,64,2026-02-07 13:46:24.091793,2026-02-10 14:04:39.91331,1,4,normal
504,6,en_progreso,14,2026-02-10 14:33:17.23382,,1,22,normal
543,5,finalizada,97,2026-02-13 00:09:39.184778,2026-02-13 00:39:07.815016,1,26,normal
489,4,finalizada,50,2026-02-08 13:57:56.633572,2026-02-08 18:57:16.195579,1,2,normal
490,4,finalizada,66,2026-02-08 18:57:32.38791,2026-02-08 19:56:02.463823,1,2,normal
497,21,finalizada,0,2026-02-09 14:02:41.955991,2026-02-09 19:13:50.907379,1,2,normal
496,21,finalizada,10,2026-02-09 13:46:17.865897,2026-02-09 19:14:02.049112,1,2,normal
512,14,finalizada,60,2026-02-10 21:40:34.836834,2026-02-13 20:00:21.75494,1,4,normal
530,5,finalizada,94,2026-02-11 20:45:50.436954,2026-02-11 22:17:54.518236,1,8,normal
509,14,finalizada,82,2026-02-10 17:52:45.329737,2026-02-10 18:28:27.992211,4,28,normal
511,14,en_progreso,,2026-02-10 18:02:27.832863,,4,8,normal
529,22,finalizada,98,2026-02-11 20:44:10.142726,2026-02-11 22:19:59.118203,3,24,normal
500,4,finalizada,66,2026-02-09 18:25:14.392275,2026-02-09 22:01:56.344561,1,3,normal
517,4,finalizada,97,2026-02-11 05:43:46.016717,2026-02-11 06:51:51.026374,1,31,normal
545,17,finalizada,29,2026-02-13 02:53:33.391657,2026-02-28 15:51:34.417004,1,2,normal
521,4,finalizada,98,2026-02-11 08:53:23.598357,2026-02-11 09:54:02.94671,1,19,normal
516,4,finalizada,94,2026-02-11 00:30:10.214293,2026-02-11 01:41:59.018975,1,20,normal
507,6,finalizada,95,2026-02-10 15:00:19.440111,2026-02-11 01:08:20.881097,1,22,normal
553,5,en_progreso,53,2026-02-13 09:13:40.383097,,1,18,normal
523,5,finalizada,100,2026-02-11 15:17:59.263681,2026-02-11 16:01:58.55517,1,28,normal
534,4,finalizada,91,2026-02-12 02:02:56.458326,2026-02-12 05:43:39.743222,1,19,normal
522,5,en_progreso,5,2026-02-11 14:40:44.357144,,1,28,normal
532,22,finalizada,100,2026-02-11 20:49:05.834108,2026-02-11 22:05:42.405207,3,23,normal
525,5,finalizada,98,2026-02-11 16:15:11.166494,2026-02-11 17:38:52.528139,1,13,normal
554,5,finalizada,97,2026-02-13 09:14:46.286675,2026-02-13 10:02:47.341291,1,19,normal
542,23,finalizada,93,2026-02-12 23:23:41.968824,2026-02-13 00:05:19.934792,1,24,normal
535,4,finalizada,18,2026-02-12 03:09:05.173341,2026-02-12 03:45:12.637028,1,2,normal
533,4,finalizada,52,2026-02-12 00:27:29.563914,2026-02-12 02:27:25.472722,1,2,normal
536,4,finalizada,98,2026-02-12 04:09:27.671341,2026-02-12 05:12:31.03842,1,18,normal
540,23,en_progreso,62,2026-02-12 18:02:47.603709,,1,16,normal
548,18,en_progreso,100,2026-02-13 03:49:23.256235,,1,26,contraparte
550,5,finalizada,87,2026-02-13 04:10:57.601945,2026-02-13 09:05:16.506189,1,31,normal
551,18,en_progreso,100,2026-02-13 04:58:21.683382,,1,26,contraparte
546,5,en_progreso,67,2026-02-13 03:26:31.793204,,1,2,contraparte
555,5,en_progreso,,2026-02-13 10:50:01.346475,,1,2,contraparte
541,3,finalizada,96,2026-02-12 20:39:48.582257,2026-02-13 12:48:42.296023,1,26,normal
561,14,finalizada,100,2026-02-13 14:57:27.843051,2026-02-13 20:02:54.876003,4,10,normal
544,5,finalizada,1,2026-02-13 01:29:45.120904,2026-02-13 01:32:23.584801,38,37,ultima_milla
556,3,finalizada,72,2026-02-13 12:47:46.735086,2026-02-13 13:31:36.089656,1,25,normal
559,21,finalizada,59,2026-02-13 13:18:46.833162,2026-02-13 17:07:46.404726,1,2,normal
558,21,finalizada,81,2026-02-13 13:09:07.636727,2026-02-13 17:08:04.661921,1,2,normal
562,14,finalizada,88,2026-02-13 14:58:00.430171,2026-02-13 20:05:24.536896,4,9,normal
563,22,finalizada,100,2026-02-13 20:48:23.661687,2026-02-13 22:15:01.548008,3,24,normal
565,22,finalizada,100,2026-02-13 20:49:11.29286,2026-02-13 22:13:18.958942,3,23,normal
564,22,finalizada,100,2026-02-13 20:48:46.951573,2026-02-13 22:14:04.592578,3,26,normal
566,4,finalizada,87,2026-02-14 12:31:19.971096,2026-02-14 18:34:24.994282,1,11,normal
538,4,finalizada,96,2026-02-12 05:20:10.965,2026-02-14 12:33:29.422364,1,27,normal
567,4,finalizada,0,2026-02-14 12:51:55.843091,2026-02-14 18:34:39.56052,1,2,normal
592,14,finalizada,100,2026-02-17 15:13:49.227792,2026-02-17 15:42:08.067468,4,9,normal
577,4,finalizada,43,2026-02-15 13:57:06.780127,2026-02-15 14:20:05.525235,1,10,normal
587,4,finalizada,29,2026-02-17 03:32:34.267622,2026-02-17 03:49:33.574124,1,2,normal
602,4,finalizada,87,2026-02-18 02:17:15.718,2026-02-18 04:18:58.52948,1,25,normal
582,21,finalizada,60,2026-02-16 15:52:58.665177,2026-02-16 16:57:26.497375,1,2,normal
605,4,finalizada,91,2026-02-18 04:24:52.893128,2026-02-18 09:10:38.687241,1,19,normal
571,4,finalizada,92,2026-02-14 22:35:27.794243,2026-02-14 23:10:37.049296,1,24,normal
581,23,finalizada,100,2026-02-15 16:38:21.146828,2026-02-15 20:03:25.641961,13,1,normal
568,21,finalizada,79,2026-02-14 19:41:29.42884,2026-02-16 15:18:57.19835,1,2,normal
603,4,finalizada,93,2026-02-18 02:19:01.715608,2026-02-18 07:26:13.243953,1,18,normal
595,23,finalizada,100,2026-02-17 18:24:54.343856,2026-02-17 18:47:09.026262,16,1,normal
579,23,finalizada,100,2026-02-15 16:35:30.339071,2026-02-15 17:10:46.150695,15,1,normal
590,4,finalizada,97,2026-02-17 05:12:31.874149,2026-02-17 10:10:18.985321,1,18,normal
591,4,finalizada,97,2026-02-17 07:41:47.548424,2026-02-17 10:10:34.775326,1,27,normal
573,4,finalizada,100,2026-02-14 23:14:03.901007,2026-02-14 23:26:35.306859,1,26,normal
600,4,finalizada,73,2026-02-18 01:04:31.311598,2026-02-18 02:15:37.408855,1,2,normal
588,4,finalizada,98,2026-02-17 04:48:10.869027,2026-02-17 06:43:45.201574,1,31,normal
616,5,finalizada,95,2026-02-19 03:14:34.82041,2026-02-19 05:04:41.004414,1,18,normal
572,4,finalizada,100,2026-02-14 23:13:41.594255,2026-02-14 23:29:51.802822,1,23,normal
627,22,pendiente,,2026-02-19 18:16:27.976458,,4,32,normal
583,21,finalizada,100,2026-02-16 17:36:52.379226,2026-02-16 18:58:19.578612,1,2,normal
574,3,finalizada,0,2026-02-15 00:54:49.213263,2026-02-21 23:46:14.246123,2,33,normal
617,5,finalizada,96,2026-02-19 05:09:17.337851,2026-02-19 06:28:54.069055,1,27,normal
619,5,finalizada,95,2026-02-19 05:18:33.634695,2026-02-19 06:32:03.973668,1,25,normal
597,14,finalizada,100,2026-02-17 19:20:34.248167,2026-02-17 19:46:17.813619,4,8,normal
585,4,finalizada,97,2026-02-17 00:17:29.178642,2026-02-17 02:08:33.49744,1,15,normal
570,4,finalizada,91,2026-02-14 20:34:20.629688,2026-02-14 21:25:25.412235,1,33,normal
594,6,finalizada,97,2026-02-17 16:31:48.653494,2026-02-17 20:23:58.98189,1,18,normal
575,4,finalizada,95,2026-02-15 13:06:01.173486,2026-02-15 15:30:20.305565,1,9,normal
569,4,en_progreso,13,2026-02-14 20:12:01.120662,,1,2,normal
593,14,finalizada,100,2026-02-17 15:46:26.125209,2026-02-17 15:55:06.464463,4,10,normal
580,23,finalizada,100,2026-02-15 16:37:04.448037,2026-02-15 19:19:36.297254,12,1,normal
623,3,finalizada,94,2026-02-19 15:31:42.773592,2026-02-19 16:34:18.764109,1,14,normal
586,4,finalizada,96,2026-02-17 00:35:37.680112,2026-02-17 04:44:12.243466,1,12,normal
630,5,finalizada,97,2026-02-20 05:20:49.731058,2026-02-20 07:04:00.494295,1,19,normal
615,5,finalizada,95,2026-02-19 03:10:40.925355,2026-02-19 04:39:42.162976,1,19,normal
599,14,en_progreso,7,2026-02-17 21:25:43.1849,,1,4,normal
606,4,finalizada,97,2026-02-18 06:48:11.572762,2026-02-18 09:43:44.277702,1,5,normal
578,4,finalizada,84,2026-02-15 15:36:19.641152,2026-02-15 16:09:56.295487,1,8,normal
576,4,finalizada,46,2026-02-15 13:24:40.68537,2026-02-15 13:54:13.480253,1,10,normal
598,23,finalizada,87,2026-02-17 20:35:28.337978,2026-02-17 20:36:23.710516,1,23,normal
640,14,finalizada,100,2026-02-20 19:53:33.202478,2026-02-20 21:18:52.611189,4,8,normal
607,4,finalizada,93,2026-02-18 09:10:21.569698,2026-02-18 09:43:55.169953,1,10,normal
614,21,finalizada,100,2026-02-18 19:44:30.075932,2026-02-18 21:15:56.925117,1,2,normal
584,4,finalizada,92,2026-02-17 00:14:28.486607,2026-02-17 01:30:51.916794,1,13,normal
589,4,finalizada,99,2026-02-17 04:49:45.977313,2026-02-17 07:28:30.765847,1,19,normal
636,4,finalizada,84,2026-02-20 13:25:59.760387,2026-02-21 13:21:38.178126,1,15,normal
621,3,finalizada,90,2026-02-19 12:45:52.215712,2026-02-19 14:34:09.676982,1,23,normal
628,14,finalizada,100,2026-02-19 18:19:11.563125,2026-02-19 19:15:46.940791,4,32,normal
601,4,finalizada,92,2026-02-18 02:15:23.503987,2026-02-18 04:08:26.235169,1,31,normal
611,22,finalizada,94,2026-02-18 19:05:58.207227,2026-02-19 18:44:30.094851,3,24,normal
609,6,finalizada,92,2026-02-18 14:30:16.351312,2026-02-18 18:09:21.40723,1,31,normal
604,4,finalizada,94,2026-02-18 04:23:26.386036,2026-02-18 06:44:16.476556,1,27,normal
610,6,finalizada,100,2026-02-18 15:47:38.247825,2026-02-18 18:12:26.960031,31,1,normal
560,6,finalizada,4,2026-02-13 13:55:54.331313,2026-02-18 18:12:58.451346,1,16,normal
608,4,finalizada,100,2026-02-18 09:44:14.563765,2026-02-18 09:47:20.646186,1,8,normal
642,4,finalizada,23,2026-02-21 13:30:15.986172,2026-02-23 04:28:59.699805,1,33,normal
613,22,finalizada,100,2026-02-18 19:07:01.419241,2026-02-19 19:29:17.573293,3,23,normal
629,5,en_progreso,,2026-02-20 05:15:37.135224,,1,19,normal
620,5,finalizada,95,2026-02-19 06:36:37.937844,2026-02-19 10:23:57.785003,1,21,normal
638,4,finalizada,45,2026-02-20 15:54:26.961973,2026-02-21 13:21:46.66022,1,4,normal
635,4,finalizada,97,2026-02-20 13:05:41.057806,2026-02-20 15:49:48.156769,1,12,normal
631,5,finalizada,15,2026-02-20 06:27:15.229005,2026-02-20 17:41:41.316626,1,2,normal
612,22,finalizada,97,2026-02-18 19:06:35.70779,2026-02-19 18:25:04.362702,3,26,normal
633,5,finalizada,93,2026-02-20 07:10:28.330845,2026-02-20 08:06:22.061412,1,18,normal
634,5,pendiente,,2026-02-20 08:11:03.933077,,1,27,normal
632,5,en_progreso,89,2026-02-20 06:33:16.335432,,1,2,contraparte
637,6,finalizada,96,2026-02-20 13:28:15.960303,2026-02-20 16:19:13.516048,1,27,normal
639,4,finalizada,0,2026-02-20 18:37:01.732944,2026-02-21 13:22:00.993874,1,13,normal
641,4,finalizada,96,2026-02-21 13:29:02.980589,2026-02-21 18:34:47.112519,1,11,normal
646,4,finalizada,81,2026-02-21 18:34:21.968006,2026-02-21 18:53:47.549248,1,33,normal
647,22,finalizada,100,2026-02-21 18:54:32.963457,2026-02-23 22:28:00.883473,3,26,normal
645,22,finalizada,100,2026-02-21 18:09:46.459512,2026-02-23 22:28:26.216964,3,23,normal
644,14,en_progreso,45,2026-02-21 15:26:41.084716,,1,4,normal
648,22,finalizada,100,2026-02-21 19:38:24.568059,2026-02-23 22:27:48.676644,3,24,normal
649,4,finalizada,91,2026-02-21 19:45:46.963444,2026-02-21 22:20:18.473854,1,2,normal
650,4,finalizada,94,2026-02-21 22:22:57.164753,2026-02-21 23:41:33.51662,1,26,normal
622,3,finalizada,25,2026-02-19 14:49:07.773342,2026-02-21 23:46:21.175478,1,3,normal
643,4,finalizada,97,2026-02-21 13:34:55.48895,2026-02-23 04:28:50.993945,1,2,normal
652,3,finalizada,96,2026-02-22 03:51:15.974432,2026-02-22 11:28:06.569989,1,26,normal
653,3,finalizada,96,2026-02-22 05:14:24.462246,2026-02-22 11:27:52.885509,1,23,normal
654,3,finalizada,94,2026-02-22 06:32:04.371265,2026-02-22 11:27:35.68823,1,10,normal
661,27,finalizada,100,2026-02-23 14:35:13.669999,2026-02-23 14:50:41.116923,38,37,ultima_milla
666,21,finalizada,100,2026-02-23 15:09:31.342851,2026-02-23 15:13:47.922621,38,37,ultima_milla
688,23,finalizada,100,2026-02-24 17:51:17.216163,2026-02-24 20:17:58.716644,14,34,normal
718,4,finalizada,95,2026-02-26 18:48:56.185097,2026-02-26 20:07:08.064485,1,19,normal
690,3,en_progreso,50,2026-02-24 20:56:02.120975,,1,7,normal
655,3,finalizada,94,2026-02-22 08:04:31.067448,2026-02-22 11:27:18.30988,1,9,normal
651,3,finalizada,96,2026-02-22 00:20:40.659017,2026-02-22 11:32:03.646349,1,24,normal
709,32,finalizada,58,2026-02-26 14:26:12.506049,2026-02-26 14:41:35.661014,38,37,ultima_milla
679,21,finalizada,100,2026-02-24 13:37:21.097068,2026-02-25 13:06:46.818849,,,ultima_milla
675,14,finalizada,76,2026-02-24 11:46:15.69896,2026-02-24 14:51:48.918644,4,9,normal
680,21,finalizada,100,2026-02-24 13:41:10.53152,2026-02-25 13:07:03.001171,,,ultima_milla
670,4,finalizada,96,2026-02-24 06:05:57.202481,2026-02-24 07:25:45.713596,1,13,normal
699,22,finalizada,100,2026-02-25 18:08:50.542995,2026-02-25 21:59:14.586354,3,24,normal
660,27,en_progreso,,2026-02-23 14:14:23.635304,,,,ultima_milla
669,4,finalizada,96,2026-02-24 05:48:09.497742,2026-02-24 06:53:43.466858,1,12,normal
682,21,finalizada,100,2026-02-24 13:43:47.474325,2026-02-25 13:07:15.767157,,,ultima_milla
672,4,finalizada,96,2026-02-24 07:39:24.090322,2026-02-24 09:04:19.335122,1,31,normal
659,21,finalizada,98,2026-02-23 13:31:10.979825,2026-02-23 20:13:02.518717,1,2,normal
712,6,finalizada,92,2026-02-26 16:19:54.131605,2026-02-26 19:57:21.601362,1,34,normal
687,3,finalizada,0,2026-02-24 17:10:28.421897,2026-02-24 18:46:42.649056,1,22,normal
683,21,finalizada,100,2026-02-24 13:44:32.462072,2026-02-25 13:07:26.697183,,,ultima_milla
711,26,finalizada,4,2026-02-26 14:29:12.606847,2026-02-26 14:33:19.120938,38,37,ultima_milla
717,27,finalizada,100,2026-02-26 18:15:39.498582,2026-02-26 20:13:36.942518,2,28,normal
686,7,finalizada,42,2026-02-24 17:05:37.223013,2026-02-24 20:57:35.838115,1,4,normal
662,27,en_progreso,,2026-02-23 14:37:51.055337,,,,ultima_milla
663,27,en_progreso,,2026-02-23 14:46:08.878562,,,,ultima_milla
664,27,en_progreso,,2026-02-23 14:48:39.649725,,,,ultima_milla
665,27,en_progreso,,2026-02-23 14:53:31.161424,,,,ultima_milla
668,4,finalizada,53,2026-02-24 03:18:26.009,2026-02-24 04:41:39.324455,1,2,normal
701,22,finalizada,100,2026-02-25 18:09:41.942858,2026-02-25 21:38:18.750506,3,23,normal
706,27,en_progreso,,2026-02-25 19:30:18.984743,,,,ultima_milla
678,3,finalizada,96,2026-02-24 12:15:12.599075,2026-02-24 13:59:22.616263,1,25,normal
685,7,en_progreso,98,2026-02-24 16:46:25.42552,,1,22,normal
692,18,en_progreso,,2026-02-24 21:16:20.828725,,1,4,normal
689,14,finalizada,84,2026-02-24 17:55:48.121144,2026-02-24 19:57:10.294809,4,8,normal
681,23,finalizada,100,2026-02-24 13:43:31.790981,2026-02-24 15:50:33.602052,20,34,normal
667,6,finalizada,97,2026-02-23 17:46:22.398286,2026-02-23 23:07:46.791975,1,18,normal
658,4,finalizada,96,2026-02-23 08:55:38.823263,2026-02-24 00:22:23.458014,1,18,normal
676,14,finalizada,79,2026-02-24 11:46:37.393002,2026-02-24 19:57:38.096152,4,10,conteo_rapido
671,4,finalizada,92,2026-02-24 07:29:39.99261,2026-02-24 08:15:09.496975,1,15,normal
716,27,en_progreso,,2026-02-26 17:13:40.280077,,38,37,ultima_milla
693,18,en_progreso,100,2026-02-24 21:17:39.228297,,4,12,normal
694,18,en_progreso,100,2026-02-24 21:19:47.424734,,4,14,normal
657,4,finalizada,96,2026-02-23 07:55:26.017351,2026-02-23 12:00:17.282795,1,25,normal
713,6,finalizada,100,2026-02-26 16:20:27.000749,2026-02-26 20:23:04.937583,2,34,normal
677,27,en_progreso,,2026-02-24 12:03:43.499219,,,,ultima_milla
707,31,finalizada,0,2026-02-25 20:41:17.336064,2026-02-25 23:52:02.804387,1,9,normal
708,27,en_progreso,,2026-02-26 14:25:58.168382,,,,ultima_milla
656,4,finalizada,97,2026-02-23 05:22:43.974874,2026-02-23 07:49:59.296624,1,19,normal
710,26,en_progreso,,2026-02-26 14:28:18.022876,,,,ultima_milla
726,14,finalizada,100,2026-02-27 14:47:13.501569,2026-02-27 15:05:57.131456,4,9,normal
723,27,finalizada,14,2026-02-26 22:17:59.866985,2026-02-26 22:29:59.58548,38,37,ultima_milla
684,3,finalizada,97,2026-02-24 14:06:51.899228,2026-02-24 15:09:18.691342,1,27,normal
700,22,finalizada,100,2026-02-25 18:09:18.036648,2026-02-25 21:45:50.642801,3,26,normal
697,31,finalizada,0,2026-02-25 15:17:28.223938,2026-02-25 19:46:50.603824,1,19,normal
695,6,finalizada,93,2026-02-25 13:18:22.323571,2026-02-25 20:23:32.376099,1,34,normal
698,31,finalizada,94,2026-02-25 17:31:59.831748,2026-02-25 20:32:01.994544,1,10,normal
703,32,en_progreso,,2026-02-25 19:17:29.150704,,,,ultima_milla
691,3,finalizada,55,2026-02-24 20:59:02.425,2026-02-24 23:35:18.581131,1,11,normal
696,31,finalizada,86,2026-02-25 13:22:03.223721,2026-02-25 14:50:55.544995,1,25,normal
704,27,en_progreso,,2026-02-25 19:19:00.510874,,,,ultima_milla
674,4,finalizada,95,2026-02-24 09:18:05.80277,2026-02-26 16:28:42.723189,1,19,normal
714,4,finalizada,58,2026-02-26 16:28:05.591249,2026-02-26 19:28:06.059227,1,27,normal
702,27,en_progreso,,2026-02-25 19:10:29.217386,,,,ultima_milla
719,4,finalizada,0,2026-02-26 19:21:34.780215,2026-02-26 20:33:13.127264,1,18,normal
724,21,finalizada,100,2026-02-27 14:17:15.709506,2026-02-27 14:21:04.668484,,,ultima_milla
705,32,en_progreso,,2026-02-25 19:24:16.489825,,,,ultima_milla
720,4,finalizada,94,2026-02-26 20:32:11.678573,2026-02-26 21:38:38.31995,1,15,normal
384,18,finalizada,66,2026-01-30 01:21:12.92336,2026-01-30 01:33:00.100711,38,37,ultima_milla
411,18,finalizada,0,2026-02-01 02:09:17.533756,2026-02-01 02:09:46.970694,38,37,ultima_milla
715,32,en_progreso,,2026-02-26 16:43:23.16003,,,,ultima_milla
450,17,finalizada,0,2026-02-04 22:09:22.968576,2026-02-04 22:10:02.815746,38,37,ultima_milla
721,4,finalizada,0,2026-02-26 21:39:26.436445,2026-02-27 18:18:02.771896,1,14,normal
727,27,finalizada,95,2026-02-27 14:54:47.454087,2026-02-27 15:05:04.165271,,,ultima_milla
725,14,finalizada,100,2026-02-27 14:46:50.617183,2026-02-27 14:59:57.186225,4,10,normal
728,27,en_progreso,,2026-02-27 15:09:29.811661,,,,ultima_milla
730,27,en_progreso,,2026-02-27 15:21:13.712737,,,,ultima_milla
729,27,en_progreso,,2026-02-27 15:20:16.467945,,,,ultima_milla
731,27,finalizada,59,2026-02-27 15:33:09.211302,2026-02-27 15:33:35.847917,,,ultima_milla
732,27,en_progreso,,2026-02-27 18:14:43.400605,,38,37,ultima_milla
734,22,en_progreso,64,2026-02-27 18:54:28.4726,,4,8,normal
737,22,finalizada,100,2026-02-28 16:47:04.85099,2026-02-28 19:52:13.292822,3,23,normal
736,22,finalizada,100,2026-02-28 16:20:27.670849,2026-02-28 19:52:38.845602,3,26,normal
735,22,finalizada,100,2026-02-28 16:19:03.26292,2026-02-28 19:50:45.108795,3,24,normal
722,4,finalizada,94,2026-02-26 21:49:12.335973,2026-03-02 00:30:46.56408,1,2,normal
733,4,finalizada,100,2026-02-27 18:18:56.232181,2026-03-02 00:30:58.266788,,,ultima_milla
738,4,finalizada,0,2026-03-02 00:31:20.906975,2026-03-02 00:40:49.388929,1,2,normal
774,4,finalizada,100,2026-03-04 00:32:04.274511,2026-03-04 01:24:24.17331,1,34,normal
759,4,finalizada,100,2026-03-03 02:09:04.233539,2026-03-03 05:00:06.831409,1,18,normal
781,4,finalizada,100,2026-03-04 09:54:22.108318,2026-03-04 10:15:25.084194,1,10,normal
772,6,finalizada,100,2026-03-03 20:36:09.564561,2026-03-04 00:00:39.159905,1,14,normal
749,7,en_progreso,99,2026-03-02 15:47:06.483739,,1,12,normal
804,4,finalizada,36,2026-03-05 08:35:48.902228,2026-03-05 09:56:28.359599,1,21,normal
744,21,finalizada,93,2026-03-02 13:18:03.363419,2026-03-02 16:57:04.234332,1,2,normal
739,4,finalizada,100,2026-03-02 00:53:48.006164,2026-03-02 02:25:48.876569,1,31,normal
755,14,finalizada,100,2026-03-02 21:26:24.268905,2026-03-02 21:56:41.607673,4,8,normal
741,4,finalizada,100,2026-03-02 02:54:19.168249,2026-03-02 07:14:02.787991,1,25,normal
748,7,en_progreso,99,2026-03-02 15:46:44.88339,,1,13,normal
786,7,en_progreso,5,2026-03-04 14:14:47.93802,,1,15,normal
784,7,en_progreso,98,2026-03-04 13:24:18.635293,,1,5,normal
807,4,finalizada,95,2026-03-06 00:16:24.23819,2026-03-06 01:30:50.820979,1,24,normal
806,6,finalizada,98,2026-03-05 21:33:00.575416,2026-03-05 23:26:44.557914,1,14,normal
740,4,finalizada,99,2026-03-02 02:31:10.615337,2026-03-02 04:19:44.006398,1,19,normal
768,14,finalizada,91,2026-03-03 14:09:26.16701,2026-03-03 15:06:32.258935,4,10,normal
752,7,en_progreso,100,2026-03-02 18:37:33.685727,,1,13,normal
756,4,finalizada,79,2026-03-03 00:50:54.440022,2026-03-03 02:02:19.951535,1,2,normal
754,14,finalizada,100,2026-03-02 21:25:40.771181,2026-03-02 21:39:34.497925,4,9,normal
777,4,finalizada,100,2026-03-04 03:27:03.981557,2026-03-04 05:34:54.63431,1,19,normal
789,18,pendiente,,2026-03-04 16:45:54.431482,,1,2,normal
773,4,finalizada,98,2026-03-04 00:31:29.380905,2026-03-04 03:43:38.184399,1,31,normal
770,7,en_progreso,77,2026-03-03 17:59:17.156807,,1,7,normal
760,4,finalizada,100,2026-03-03 03:27:34.843346,2026-03-03 04:32:02.905819,1,27,normal
800,4,finalizada,100,2026-03-05 01:54:00.318757,2026-03-05 07:22:34.089936,1,18,normal
775,4,finalizada,72,2026-03-04 01:09:38.880832,2026-03-04 02:14:48.705012,1,2,normal
757,4,finalizada,100,2026-03-03 02:05:00.339082,2026-03-03 04:01:16.500181,1,31,normal
753,7,en_progreso,18,2026-03-02 19:31:17.178953,,1,3,normal
794,22,finalizada,100,2026-03-04 19:00:19.841711,2026-03-06 18:16:08.105279,3,26,normal
766,7,finalizada,100,2026-03-03 13:17:51.159144,2026-03-03 14:28:33.695889,1,16,normal
798,4,finalizada,100,2026-03-05 01:49:09.72166,2026-03-05 06:23:32.268746,1,34,normal
767,21,finalizada,100,2026-03-03 13:50:34.19166,2026-03-04 16:52:13.684936,,,ultima_milla
745,21,finalizada,92,2026-03-02 14:07:27.362794,2026-03-02 14:45:11.608398,2,32,normal
758,4,finalizada,100,2026-03-03 02:07:04.141518,2026-03-03 04:13:19.71148,1,19,normal
803,4,finalizada,97,2026-03-05 06:53:50.345208,2026-03-05 08:05:56.968246,1,25,normal
787,7,en_progreso,96,2026-03-04 14:58:42.736982,,1,15,normal
762,4,finalizada,100,2026-03-03 06:42:37.5054,2026-03-03 08:29:47.939184,1,4,normal
743,5,en_progreso,33,2026-03-02 12:58:20.857323,,1,21,normal
801,4,finalizada,100,2026-03-05 01:55:52.921593,2026-03-05 07:34:45.987719,1,19,normal
761,4,finalizada,100,2026-03-03 03:29:52.940119,2026-03-03 04:57:10.035249,1,25,normal
805,21,finalizada,92,2026-03-05 16:58:10.427436,2026-03-05 17:28:20.929571,2,1,normal
818,14,finalizada,100,2026-03-06 18:58:29.539387,2026-03-13 14:37:31.983017,4,8,normal
764,4,finalizada,100,2026-03-03 10:08:13.906228,2026-03-03 10:17:16.228931,1,20,normal
747,5,finalizada,97,2026-03-02 15:45:39.987847,2026-03-02 18:53:32.287744,1,15,normal
778,4,finalizada,99,2026-03-04 05:37:29.101884,2026-03-04 07:04:01.289113,1,27,normal
782,4,finalizada,98,2026-03-04 10:18:09.408209,2026-03-04 10:37:59.938274,1,12,normal
808,4,finalizada,89,2026-03-06 01:30:34.333361,2026-03-06 02:11:34.090672,1,2,normal
779,4,finalizada,96,2026-03-04 05:56:06.412274,2026-03-04 08:59:01.12863,1,25,normal
776,4,finalizada,100,2026-03-04 02:19:42.783101,2026-03-04 07:20:44.97219,1,18,normal
763,4,finalizada,100,2026-03-03 08:31:52.312478,2026-03-03 10:04:51.950419,1,22,normal
765,7,en_progreso,88,2026-03-03 12:39:13.824515,,1,4,normal
769,22,en_progreso,65,2026-03-03 14:16:59.268694,,1,3,normal
792,18,finalizada,16,2026-03-04 18:07:56.431164,2026-03-04 18:33:26.830054,1,38,normal
780,4,finalizada,97,2026-03-04 06:05:55.298496,2026-03-04 06:49:07.890144,1,34,normal
785,7,en_progreso,33,2026-03-04 13:32:28.338294,,1,12,normal
819,22,finalizada,100,2026-03-06 19:11:02.738,2026-03-06 20:03:31.211524,3,24,normal
814,14,finalizada,100,2026-03-06 14:26:04.777391,2026-03-06 18:57:13.957633,4,9,normal
797,4,finalizada,79,2026-03-05 00:21:08.78503,2026-03-05 01:34:25.264941,1,2,normal
802,4,finalizada,99,2026-03-05 01:57:50.909918,2026-03-05 07:05:16.25486,1,27,normal
796,6,finalizada,99,2026-03-04 20:21:41.103149,2026-03-04 21:25:05.925777,1,13,normal
820,4,finalizada,100,2026-03-07 00:28:50.086827,2026-03-07 03:34:54.042339,1,34,normal
815,14,finalizada,100,2026-03-06 14:26:25.377384,2026-03-06 15:09:55.536434,4,10,normal
811,4,finalizada,99,2026-03-06 06:01:01.555028,2026-03-06 07:31:42.648222,1,27,normal
809,4,finalizada,98,2026-03-06 04:35:59.263644,2026-03-06 05:27:43.045443,1,31,normal
810,4,finalizada,100,2026-03-06 04:47:50.454576,2026-03-06 05:51:53.109962,1,19,normal
816,22,finalizada,100,2026-03-06 18:06:44.692384,2026-03-06 20:05:05.906398,3,23,normal
812,4,finalizada,100,2026-03-06 06:26:59.655438,2026-03-06 07:40:35.100409,1,18,normal
795,22,en_progreso,,2026-03-04 19:00:43.223563,,3,23,normal
793,22,finalizada,100,2026-03-04 18:59:47.038012,2026-03-06 18:15:49.457024,3,24,normal
817,22,finalizada,100,2026-03-06 18:07:17.89243,2026-03-06 20:04:17.581603,3,26,normal
821,4,finalizada,97,2026-03-07 00:34:14.982071,2026-03-07 03:48:27.408295,1,18,normal
813,4,finalizada,100,2026-03-06 06:29:20.155147,2026-03-07 00:29:05.882397,1,25,normal
822,4,finalizada,45,2026-03-07 00:47:00.494013,2026-03-07 03:26:58.413971,1,2,normal
824,4,finalizada,100,2026-03-07 02:20:36.377029,2026-03-07 08:13:22.16192,1,14,normal
825,4,finalizada,97,2026-03-07 06:22:46.035647,2026-03-07 07:04:13.508761,1,16,normal
823,4,finalizada,97,2026-03-07 02:18:19.882229,2026-03-07 08:12:45.125795,1,27,normal
826,4,finalizada,99,2026-03-07 07:21:06.237258,2026-03-07 08:00:45.172478,1,11,normal
827,4,finalizada,100,2026-03-07 09:21:59.216009,2026-03-07 09:44:55.868819,1,7,normal
829,4,finalizada,100,2026-03-08 00:03:40.654173,2026-03-08 01:09:47.113319,1,10,normal
828,4,finalizada,99,2026-03-08 00:00:44.248577,2026-03-08 00:37:43.959704,1,23,normal
830,4,finalizada,98,2026-03-08 01:15:27.252468,2026-03-08 03:33:57.649078,1,9,normal
831,4,finalizada,100,2026-03-08 01:18:20.15448,2026-03-08 04:23:30.940936,1,8,normal
839,6,finalizada,99,2026-03-09 15:54:20.642524,2026-03-10 00:07:15.509537,1,27,normal
847,4,finalizada,99,2026-03-10 13:11:14.867441,2026-03-10 19:50:30.779925,1,22,normal
900,5,finalizada,99,2026-03-13 00:21:48.621031,2026-03-13 05:16:27.122202,1,2,normal
836,5,en_progreso,100,2026-03-09 09:09:17.941466,,1,25,normal
790,21,finalizada,0,2026-03-04 17:17:54.226264,2026-03-09 13:11:35.607866,1,2,normal
837,21,pendiente,,2026-03-09 14:06:52.573004,,1,2,normal
893,23,pendiente,,2026-03-12 13:46:55.905976,,1,2,normal
852,23,finalizada,100,2026-03-10 14:01:48.257067,2026-03-10 17:04:15.865069,1,31,normal
885,5,finalizada,98,2026-03-12 02:52:53.352532,2026-03-12 04:16:56.264534,1,33,normal
857,4,finalizada,99,2026-03-10 21:47:54.126254,2026-03-11 00:03:47.246159,1,16,normal
868,4,finalizada,99,2026-03-11 12:50:13.485093,2026-03-11 15:11:39.248619,1,25,normal
891,5,finalizada,97,2026-03-12 08:59:40.540938,2026-03-12 09:50:33.136868,1,19,normal
841,5,finalizada,99,2026-03-10 03:12:31.749026,2026-03-10 05:27:41.301996,1,33,normal
907,4,finalizada,98,2026-03-13 12:39:29.686441,2026-03-13 14:57:41.568482,1,34,normal
878,4,finalizada,100,2026-03-11 19:36:22.228054,2026-03-11 21:02:51.245419,1,15,normal
861,5,finalizada,100,2026-03-11 04:10:43.113354,2026-03-11 05:59:08.355224,1,2,normal
849,14,finalizada,100,2026-03-10 13:51:59.96923,2026-03-10 14:36:40.349497,4,9,normal
840,23,finalizada,100,2026-03-09 18:21:39.957917,2026-03-09 18:28:50.914056,31,1,normal
890,5,finalizada,100,2026-03-12 08:10:42.05034,2026-03-12 08:51:33.780224,1,25,normal
844,5,finalizada,99,2026-03-10 09:11:46.309612,2026-03-10 11:36:28.96223,1,15,normal
872,23,finalizada,100,2026-03-11 14:00:51.39943,2026-03-11 14:06:25.838272,16,1,normal
856,4,finalizada,100,2026-03-10 21:45:09.420983,2026-03-10 22:45:56.959194,1,19,normal
873,4,finalizada,97,2026-03-11 14:39:05.500038,2026-03-11 19:35:59.772901,1,8,normal
892,4,finalizada,21,2026-03-12 12:56:41.777076,2026-03-12 14:16:00.163562,1,21,normal
858,5,finalizada,100,2026-03-10 23:54:16.927085,2026-03-11 03:58:24.499529,1,11,normal
854,4,finalizada,35,2026-03-10 19:57:18.648537,2026-03-10 20:49:08.156919,1,14,normal
843,5,finalizada,99,2026-03-10 07:24:28.058206,2026-03-10 08:58:00.351373,1,13,normal
853,23,finalizada,100,2026-03-10 18:04:11.438991,2026-03-10 20:53:58.156303,19,1,normal
889,5,en_progreso,,2026-03-12 07:54:45.053269,,1,25,normal
877,4,finalizada,98,2026-03-11 19:34:11.019985,2026-03-11 20:35:44.862017,1,12,normal
838,23,finalizada,100,2026-03-09 14:18:31.769876,2026-03-09 21:27:00.310231,1,31,normal
874,23,finalizada,100,2026-03-11 14:59:49.298714,2026-03-11 16:48:29.896001,25,1,normal
848,6,finalizada,100,2026-03-10 13:48:41.357036,2026-03-10 16:26:04.379455,1,27,normal
888,5,finalizada,100,2026-03-12 07:50:38.252485,2026-03-12 08:11:10.704673,1,34,normal
867,4,finalizada,100,2026-03-11 12:37:22.687123,2026-03-11 14:26:20.177598,1,18,normal
871,21,finalizada,96,2026-03-11 13:56:42.489731,2026-03-11 15:21:34.403835,1,2,normal
863,5,finalizada,97,2026-03-11 06:12:36.410801,2026-03-11 06:54:33.129136,1,33,normal
842,5,finalizada,98,2026-03-10 05:47:03.568425,2026-03-10 07:21:04.624001,1,12,normal
855,23,finalizada,100,2026-03-10 20:59:49.044967,2026-03-10 21:08:59.874031,14,1,normal
887,5,finalizada,30,2026-03-12 04:54:31.162301,2026-03-12 07:45:48.829349,1,18,normal
865,5,finalizada,99,2026-03-11 08:16:16.70787,2026-03-11 09:54:22.932417,1,19,normal
850,14,finalizada,100,2026-03-10 13:52:27.856547,2026-03-10 14:42:47.464877,4,10,normal
846,4,finalizada,99,2026-03-10 12:55:01.262328,2026-03-10 16:36:33.744909,1,25,normal
859,5,finalizada,100,2026-03-10 23:57:34.94085,2026-03-11 01:46:25.562679,1,7,normal
882,22,finalizada,100,2026-03-11 21:36:00.337411,2026-03-12 19:22:40.27267,3,23,normal
860,5,finalizada,100,2026-03-11 00:04:14.029242,2026-03-11 07:42:35.873526,1,16,normal
845,5,en_progreso,1,2026-03-10 09:16:52.218838,,1,19,normal
864,5,finalizada,100,2026-03-11 08:12:44.553318,2026-03-11 08:46:24.593301,1,20,normal
875,4,finalizada,99,2026-03-11 15:21:06.092137,2026-03-11 17:43:03.987348,1,13,normal
908,23,finalizada,100,2026-03-13 14:09:39.078202,2026-03-13 15:40:17.452447,1,31,normal
869,6,finalizada,97,2026-03-11 13:32:07.493497,2026-03-11 14:41:26.80452,1,31,normal
906,5,en_progreso,22,2026-03-13 08:30:34.776164,,1,34,normal
870,21,finalizada,1,2026-03-11 13:53:44.404015,2026-03-11 17:55:10.907192,1,33,normal
886,5,finalizada,82,2026-03-12 02:54:25.041216,2026-03-12 06:56:56.283928,1,2,normal
883,4,finalizada,100,2026-03-11 22:41:34.11673,2026-03-11 23:40:26.914092,1,2,normal
876,23,finalizada,100,2026-03-11 18:41:42.641568,2026-03-11 21:40:47.605864,1,27,normal
879,4,finalizada,100,2026-03-11 21:14:54.323884,2026-03-11 22:41:54.898096,1,9,normal
866,5,finalizada,69,2026-03-11 10:01:39.606841,2026-03-12 00:23:56.614596,1,18,normal
910,22,en_progreso,43,2026-03-13 14:32:36.398454,,4,9,normal
884,5,finalizada,100,2026-03-12 00:23:37.982083,2026-03-12 02:44:37.51144,1,2,normal
896,23,finalizada,100,2026-03-12 16:02:27.726683,2026-03-12 16:07:14.080462,12,1,normal
899,4,finalizada,100,2026-03-12 19:24:19.995715,2026-03-12 22:14:27.693134,1,23,normal
880,22,finalizada,100,2026-03-11 21:33:57.480353,2026-03-12 19:50:42.960178,3,24,normal
894,4,finalizada,100,2026-03-12 14:27:58.379049,2026-03-12 15:02:28.62012,1,20,normal
881,22,finalizada,100,2026-03-11 21:34:54.664999,2026-03-12 19:28:30.679545,3,26,normal
895,4,finalizada,99,2026-03-12 14:30:41.372468,2026-03-12 16:19:53.024275,1,16,normal
911,6,finalizada,100,2026-03-13 16:24:29.904356,2026-03-13 19:28:58.35994,1,27,normal
912,4,finalizada,90,2026-03-13 19:22:11.251135,2026-03-13 23:04:38.703976,1,12,normal
897,4,finalizada,71,2026-03-12 16:42:58.484984,2026-03-12 21:03:25.403697,1,26,normal
905,5,finalizada,99,2026-03-13 07:56:54.270261,2026-03-13 11:44:30.687285,1,19,normal
904,5,finalizada,100,2026-03-13 07:53:01.376995,2026-03-13 07:57:12.269861,1,19,conteo_rapido
903,5,finalizada,99,2026-03-13 06:28:44.300424,2026-03-13 08:27:31.337618,1,25,normal
901,5,finalizada,100,2026-03-13 05:41:07.096891,2026-03-13 08:27:58.132,1,33,normal
902,5,finalizada,100,2026-03-13 06:27:17.009041,2026-03-13 10:05:09.3513,1,18,normal
909,22,en_progreso,100,2026-03-13 14:32:14.008626,,4,10,normal
914,4,finalizada,84,2026-03-13 19:42:22.654992,2026-03-13 23:03:51.380724,1,13,normal
913,4,finalizada,81,2026-03-13 19:38:18.254194,2026-03-13 23:04:27.735852,1,15,normal
917,5,finalizada,99,2026-03-14 04:25:07.266062,2026-03-14 10:03:29.658273,1,2,normal
916,5,finalizada,100,2026-03-14 01:23:46.364338,2026-03-14 04:41:21.060637,1,2,normal
915,4,finalizada,100,2026-03-13 23:03:55.262266,2026-03-14 04:40:40.576829,1,33,normal
918,5,finalizada,100,2026-03-14 10:25:40.010599,2026-03-14 11:16:18.297479,1,20,normal
919,5,finalizada,100,2026-03-14 10:32:47.607649,2026-03-14 11:57:40.874231,1,34,normal
920,5,en_progreso,58,2026-03-14 10:36:09.001019,,1,18,normal
922,7,en_progreso,,2026-03-14 18:29:02.170624,,1,11,normal
921,7,finalizada,11,2026-03-14 18:22:58.866911,2026-03-15 00:45:52.262961,1,7,normal
973,4,finalizada,100,2026-03-19 10:34:25.817443,2026-03-19 10:39:53.633787,1,24,normal
932,4,finalizada,98,2026-03-16 10:43:04.15839,2026-03-16 11:11:27.866354,1,34,normal
966,4,finalizada,99,2026-03-18 23:52:49.1559,2026-03-19 01:27:01.540518,1,2,normal
995,5,finalizada,95,2026-03-20 15:10:34.507317,2026-03-20 17:46:15.082633,1,2,normal
955,4,finalizada,99,2026-03-18 06:55:04.968025,2026-03-18 08:48:57.756128,1,34,normal
929,4,finalizada,98,2026-03-16 03:36:23.953079,2026-03-16 05:54:54.488817,1,2,normal
933,4,finalizada,100,2026-03-16 11:00:53.363726,2026-03-16 11:12:28.401801,1,25,normal
963,5,en_progreso,100,2026-03-18 15:27:27.824902,,1,13,normal
937,4,finalizada,98,2026-03-17 02:12:19.431078,2026-03-17 04:36:51.153606,1,2,normal
978,5,finalizada,96,2026-03-19 15:49:59.510254,2026-03-19 17:43:42.145705,1,16,normal
985,4,finalizada,97,2026-03-20 04:17:05.762196,2026-03-20 06:36:45.671865,1,19,normal
927,4,finalizada,98,2026-03-15 01:21:58.371111,2026-03-15 03:20:41.291072,1,9,normal
930,4,finalizada,100,2026-03-16 05:55:14.264801,2026-03-16 10:46:24.996627,1,18,normal
951,4,finalizada,99,2026-03-18 02:15:32.251799,2026-03-18 06:17:59.470261,1,2,normal
931,4,finalizada,98,2026-03-16 06:51:16.714151,2026-03-16 10:46:46.992602,1,19,normal
967,4,finalizada,96,2026-03-19 01:32:59.65389,2026-03-19 02:02:43.561164,1,33,normal
949,5,finalizada,93,2026-03-17 15:13:08.723723,2026-03-17 20:47:28.121977,1,14,normal
946,14,en_progreso,57,2026-03-17 14:42:07.318492,,4,9,normal
942,4,finalizada,100,2026-03-17 10:37:54.971909,2026-03-17 11:08:52.934925,1,34,normal
923,4,finalizada,99,2026-03-15 00:46:45.773285,2026-03-15 02:25:30.416974,1,7,normal
948,5,finalizada,99,2026-03-17 15:08:03.611428,2026-03-17 20:47:53.427016,1,22,normal
956,4,finalizada,88,2026-03-18 10:10:00.960901,2026-03-18 10:14:44.712613,1,9,normal
965,5,en_progreso,100,2026-03-18 17:44:11.629797,,1,2,normal
925,4,finalizada,100,2026-03-15 01:18:06.475436,2026-03-15 02:28:12.348064,1,9,normal
924,4,finalizada,99,2026-03-15 01:12:10.869933,2026-03-15 05:05:12.360994,1,24,normal
987,4,finalizada,98,2026-03-20 05:43:25.552837,2026-03-20 07:17:29.766953,1,18,normal
943,5,en_progreso,100,2026-03-17 12:14:29.424315,,1,18,normal
926,4,finalizada,100,2026-03-15 01:19:21.986518,2026-03-15 02:30:25.337722,1,26,normal
957,4,finalizada,100,2026-03-18 10:11:32.559816,2026-03-18 10:17:00.764679,1,8,normal
976,5,finalizada,97,2026-03-19 13:35:28.649405,2026-03-19 17:18:31.790582,1,24,normal
940,4,finalizada,99,2026-03-17 05:28:05.627921,2026-03-17 08:09:24.223322,1,15,normal
936,7,finalizada,62,2026-03-16 22:13:30.09639,2026-03-17 00:13:43.264223,1,3,normal
990,4,finalizada,100,2026-03-20 10:02:57.18397,2026-03-20 10:08:42.248624,1,15,normal
935,5,en_progreso,39,2026-03-16 15:52:46.54142,,1,21,normal
928,4,finalizada,98,2026-03-16 00:21:30.069706,2026-03-16 01:40:04.386025,1,2,normal
934,7,finalizada,100,2026-03-16 11:59:04.229183,2026-03-16 15:20:44.777606,1,18,normal
941,4,finalizada,99,2026-03-17 08:11:44.438827,2026-03-17 09:23:33.868812,1,19,normal
939,4,finalizada,98,2026-03-17 05:27:28.829782,2026-03-17 09:23:53.955744,1,13,normal
975,5,en_progreso,97,2026-03-19 12:05:41.25736,,1,26,normal
988,4,finalizada,100,2026-03-20 06:44:43.257069,2026-03-20 10:09:24.338194,1,4,normal
979,5,en_progreso,86,2026-03-19 16:24:42.798429,,1,3,normal
961,5,finalizada,99,2026-03-18 13:32:32.316762,2026-03-18 20:03:56.146895,1,9,normal
983,4,finalizada,98,2026-03-20 01:46:13.559152,2026-03-20 04:57:58.740039,1,33,normal
959,4,finalizada,100,2026-03-18 10:21:23.571954,2026-03-18 10:48:22.235981,1,10,normal
952,4,finalizada,98,2026-03-18 05:37:34.366964,2026-03-18 06:39:15.798846,1,19,normal
954,4,finalizada,100,2026-03-18 06:53:28.163754,2026-03-18 10:48:59.279507,1,25,normal
938,4,finalizada,98,2026-03-17 04:21:47.428044,2026-03-17 07:48:36.159081,1,12,normal
944,5,finalizada,97,2026-03-17 12:42:12.513172,2026-03-17 14:22:48.576935,1,34,normal
945,5,finalizada,98,2026-03-17 13:14:49.908548,2026-03-17 14:23:16.39724,1,25,normal
950,5,finalizada,83,2026-03-17 16:28:59.124231,2026-03-17 21:56:52.094828,1,16,normal
947,5,en_progreso,,2026-03-17 14:45:30.307255,,1,4,normal
981,5,en_progreso,81,2026-03-19 19:22:11.003379,,1,2,normal
953,4,finalizada,100,2026-03-18 05:40:52.967542,2026-03-18 07:57:45.737982,1,18,normal
969,4,finalizada,98,2026-03-19 02:15:26.655941,2026-03-19 04:23:41.582324,1,19,normal
968,4,finalizada,94,2026-03-19 02:06:37.763285,2026-03-19 03:57:52.30133,1,34,normal
962,5,finalizada,94,2026-03-18 14:36:14.023206,2026-03-18 15:59:34.668315,1,8,normal
960,5,finalizada,99,2026-03-18 11:46:17.281438,2026-03-18 14:37:21.295233,1,10,normal
964,5,finalizada,98,2026-03-18 16:28:44.72207,2026-03-18 17:10:37.94277,1,15,normal
970,4,finalizada,97,2026-03-19 02:19:11.75426,2026-03-19 05:08:59.467837,1,18,normal
972,4,finalizada,100,2026-03-19 10:34:07.417297,2026-03-19 11:20:02.79754,1,23,normal
971,4,finalizada,99,2026-03-19 04:27:21.170483,2026-03-19 09:09:15.333774,1,21,normal
984,4,finalizada,100,2026-03-20 01:47:57.350086,2026-03-20 05:40:23.756897,1,2,normal
977,5,pendiente,,2026-03-19 15:49:21.19999,,1,3,normal
974,5,finalizada,96,2026-03-19 12:04:55.445236,2026-03-19 13:30:38.953736,1,23,normal
982,4,finalizada,98,2026-03-20 01:45:24.747765,2026-03-20 04:24:33.320965,1,2,normal
980,5,en_progreso,99,2026-03-19 17:26:24.098446,,1,2,normal
986,4,finalizada,99,2026-03-20 04:19:23.359433,2026-03-20 08:40:04.062532,1,25,normal
992,5,finalizada,92,2026-03-20 11:54:42.925988,2026-03-20 12:59:29.536568,1,4,normal
994,5,en_progreso,94,2026-03-20 13:08:44.021799,,1,12,normal
991,5,finalizada,100,2026-03-20 11:48:07.418396,2026-03-20 12:27:28.566182,1,15,normal
993,5,finalizada,99,2026-03-20 12:00:40.019123,2026-03-20 15:31:10.419748,1,13,normal
989,4,finalizada,97,2026-03-20 08:33:36.944614,2026-03-21 00:02:10.902702,1,12,normal
1000,4,finalizada,94,2026-03-21 03:54:40.387537,2026-03-21 05:26:11.799896,1,16,normal
996,5,en_progreso,92,2026-03-20 18:25:25.161865,,1,2,normal
997,5,finalizada,88,2026-03-20 22:50:07.665618,2026-03-21 00:17:21.54041,1,33,normal
999,4,finalizada,99,2026-03-21 00:33:12.500434,2026-03-21 04:23:22.635356,1,34,normal
998,4,finalizada,97,2026-03-21 00:25:36.585717,2026-03-21 05:25:59.570861,1,18,normal
1001,4,finalizada,95,2026-03-21 05:00:37.600341,2026-03-21 05:20:48.12206,1,19,normal
1002,4,finalizada,99,2026-03-21 05:02:53.593337,2026-03-21 10:04:24.541525,1,7,normal
1003,4,finalizada,96,2026-03-21 08:59:30.798451,2026-03-21 09:20:53.105556,1,16,normal
1005,5,finalizada,99,2026-03-22 00:43:39.082179,2026-03-22 06:20:33.590423,1,10,normal
1004,5,finalizada,99,2026-03-22 00:41:28.27963,2026-03-22 09:58:56.519551,1,24,normal
1008,5,finalizada,98,2026-03-22 01:01:45.782301,2026-03-22 06:35:12.46417,1,8,normal
1007,5,finalizada,97,2026-03-22 01:00:32.676182,2026-03-22 06:55:14.584525,1,26,normal
1067,33,en_progreso,100,2026-03-26 20:02:53.825338,,1,31,normal
1029,5,finalizada,99,2026-03-24 00:11:44.142502,2026-03-24 04:44:21.640635,1,19,normal
1015,5,finalizada,100,2026-03-23 01:37:00.106873,2026-03-23 02:22:55.237486,1,18,normal
1078,4,finalizada,96,2026-03-27 06:31:54.159424,2026-03-27 07:10:37.641246,1,19,normal
1027,5,finalizada,100,2026-03-23 23:58:10.75007,2026-03-24 01:05:31.564869,1,25,normal
1077,4,finalizada,98,2026-03-27 06:31:01.571182,2026-03-27 07:38:58.559654,1,27,normal
1006,5,finalizada,100,2026-03-22 00:44:37.873678,2026-03-22 07:06:01.933854,1,9,normal
1011,5,pendiente,,2026-03-23 00:07:01.295076,,1,18,normal
1012,5,pendiente,,2026-03-23 00:11:00.096888,,1,18,normal
1014,5,finalizada,99,2026-03-23 00:29:04.108301,2026-03-23 02:24:09.68744,1,2,normal
1081,34,finalizada,97,2026-03-27 14:15:44.433514,2026-03-27 17:16:35.426247,1,2,normal
1073,4,finalizada,96,2026-03-27 00:32:09.913374,2026-03-27 01:56:16.488043,1,31,normal
1046,5,finalizada,99,2026-03-25 06:52:06.581939,2026-03-25 13:16:28.236387,1,5,normal
1021,4,finalizada,98,2026-03-23 17:03:24.164628,2026-03-23 21:49:45.476762,1,2,normal
1010,5,en_progreso,100,2026-03-23 00:00:05.699318,,1,34,normal
1017,5,finalizada,100,2026-03-23 05:53:41.80736,2026-03-23 07:21:44.716006,1,34,normal
1023,21,en_progreso,,2026-03-23 21:58:41.247185,,1,2,normal
1019,5,en_progreso,99,2026-03-23 07:34:08.304527,,1,12,normal
1060,4,finalizada,97,2026-03-26 03:55:26.575079,2026-03-26 04:21:55.441401,1,27,normal
1035,4,finalizada,100,2026-03-24 12:57:46.421879,2026-03-24 15:50:18.127589,1,20,normal
1041,5,finalizada,98,2026-03-25 00:54:04.964927,2026-03-25 03:33:49.421141,1,33,normal
1048,5,finalizada,100,2026-03-25 12:31:56.912486,2026-03-25 13:56:56.622814,1,12,normal
1066,33,finalizada,98,2026-03-26 17:41:38.723249,2026-03-26 21:30:07.765749,1,2,normal
1082,7,en_progreso,26,2026-03-27 22:21:01.71349,,1,2,normal
1070,4,en_progreso,98,2026-03-27 00:13:51.016749,,1,19,normal
1024,21,en_progreso,32,2026-03-23 22:01:09.637646,,1,33,conteo_rapido
1062,4,finalizada,100,2026-03-26 07:01:28.799661,2026-03-26 09:08:56.387097,1,3,normal
1032,5,finalizada,91,2026-03-24 01:56:26.531494,2026-03-24 02:38:09.685836,1,27,normal
1050,5,en_progreso,4,2026-03-25 12:34:05.110114,,1,8,normal
1009,5,finalizada,100,2026-03-22 01:02:27.57099,2026-03-22 06:43:09.823648,1,23,normal
1051,5,en_progreso,,2026-03-25 14:16:43.31132,,1,8,normal
1013,5,en_progreso,25,2026-03-23 00:21:47.398459,,1,18,normal
1028,5,finalizada,100,2026-03-24 00:02:23.04159,2026-03-24 01:11:50.113692,1,34,normal
1053,7,en_progreso,,2026-03-25 22:48:02.624009,,1,2,normal
1047,5,en_progreso,,2026-03-25 12:31:25.512298,,1,10,normal
1025,4,finalizada,99,2026-03-23 22:05:25.335492,2026-03-23 23:17:47.399664,1,31,normal
1036,4,finalizada,100,2026-03-24 14:16:20.525013,2026-03-24 15:43:17.370249,1,22,normal
1020,4,finalizada,99,2026-03-23 12:56:33.719616,2026-03-23 17:03:35.479917,1,3,normal
1065,33,pendiente,,2026-03-26 12:19:13.313117,,1,24,normal
1030,5,finalizada,95,2026-03-24 00:19:39.638565,2026-03-24 00:51:28.52061,1,18,normal
1071,4,en_progreso,25,2026-03-27 00:28:12.903911,,1,34,normal
1054,7,finalizada,0,2026-03-25 22:56:14.923335,2026-03-26 00:22:27.526383,1,25,normal
1072,4,finalizada,94,2026-03-27 00:30:01.306303,2026-03-27 01:30:23.564671,1,33,normal
1016,5,finalizada,99,2026-03-23 04:04:04.657576,2026-03-23 04:57:38.734056,1,27,normal
1039,4,finalizada,89,2026-03-24 23:18:07.985715,2026-03-26 00:22:57.038823,1,2,normal
1063,33,finalizada,99,2026-03-26 12:17:56.319624,2026-03-26 13:27:24.329538,1,26,normal
1052,7,finalizada,0,2026-03-25 22:46:07.618459,2026-03-26 00:23:20.601907,1,18,normal
1042,5,finalizada,100,2026-03-25 00:57:45.074102,2026-03-25 09:31:42.381892,1,19,normal
1040,5,en_progreso,98,2026-03-25 00:48:37.273527,,1,31,normal
1018,5,finalizada,100,2026-03-23 07:32:52.412807,2026-03-23 08:34:20.379209,1,25,normal
1031,5,finalizada,100,2026-03-24 01:25:25.425418,2026-03-24 01:52:15.347,1,27,normal
1043,5,finalizada,100,2026-03-25 01:22:46.365809,2026-03-25 09:32:04.752596,1,25,normal
1033,5,en_progreso,59,2026-03-24 05:46:58.124333,,1,21,normal
1026,4,finalizada,100,2026-03-23 22:07:24.244914,2026-03-24 12:27:25.381043,1,18,normal
1034,4,finalizada,100,2026-03-24 12:40:55.116323,2026-03-24 14:30:20.138305,1,22,normal
1044,5,finalizada,100,2026-03-25 02:34:24.981219,2026-03-25 09:32:22.179268,1,18,normal
1045,5,finalizada,100,2026-03-25 05:59:49.375094,2026-03-25 09:32:43.190445,1,27,normal
1038,14,en_progreso,100,2026-03-24 16:00:43.725673,,4,9,normal
1049,5,pendiente,,2026-03-25 12:33:26.313208,,1,9,normal
1037,14,en_progreso,100,2026-03-24 15:59:51.621677,,4,10,normal
1058,4,finalizada,100,2026-03-26 01:00:47.072725,2026-03-26 04:42:27.984228,1,19,normal
1056,4,finalizada,98,2026-03-26 00:43:19.673898,2026-03-26 03:48:07.221303,1,25,normal
1061,4,finalizada,100,2026-03-26 06:24:35.5964,2026-03-26 06:40:57.541496,1,20,normal
1057,4,finalizada,0,2026-03-26 00:51:28.378113,2026-03-26 03:52:09.919998,1,27,normal
1064,33,finalizada,99,2026-03-26 12:18:26.518744,2026-03-26 14:59:29.010516,1,23,normal
1055,4,finalizada,99,2026-03-26 00:33:37.276367,2026-03-26 02:01:24.971178,1,18,normal
1068,33,en_progreso,75,2026-03-26 20:03:32.324739,,1,18,normal
1059,4,finalizada,98,2026-03-26 01:19:23.469724,2026-03-26 05:04:40.723772,1,34,normal
1079,4,finalizada,98,2026-03-27 09:22:11.146906,2026-03-27 09:58:25.560027,1,12,normal
1076,4,finalizada,96,2026-03-27 03:49:57.940503,2026-03-27 09:23:39.936776,1,21,normal
1075,4,finalizada,97,2026-03-27 02:00:51.512779,2026-03-27 04:49:28.063834,1,18,normal
1069,4,finalizada,32,2026-03-27 00:10:39.419254,2026-03-27 06:30:29.758218,1,27,normal
1074,4,finalizada,98,2026-03-27 00:34:35.712583,2026-03-27 04:11:22.600239,1,25,normal
1080,34,en_progreso,,2026-03-27 12:27:57.305194,,1,4,normal
1084,33,pendiente,,2026-03-28 00:39:02.913586,,1,2,normal
1086,33,en_progreso,100,2026-03-28 02:01:41.616258,,1,18,normal
1087,33,finalizada,97,2026-03-28 02:02:19.607812,2026-03-28 05:06:55.493411,1,27,normal
1085,33,finalizada,97,2026-03-28 01:04:51.407403,2026-03-28 05:39:02.811882,1,33,normal
1088,33,finalizada,100,2026-03-28 08:33:45.663321,2026-03-28 09:21:54.646474,1,20,normal
1092,34,en_progreso,99,2026-03-28 15:10:12.765261,,1,18,normal
1089,34,en_progreso,95,2026-03-28 13:06:35.783892,,1,2,normal
1093,34,en_progreso,100,2026-03-28 21:45:39.931337,,1,26,normal
1094,34,en_progreso,100,2026-03-28 21:49:04.648056,,1,23,normal
1096,33,finalizada,100,2026-03-29 00:25:31.644224,2026-03-29 03:33:44.219634,1,26,normal
1098,33,finalizada,92,2026-03-29 00:27:01.345429,2026-03-29 03:18:27.893188,1,24,normal
1095,34,finalizada,100,2026-03-28 23:32:59.070918,2026-03-30 09:06:42.180032,1,24,normal
1144,33,finalizada,98,2026-04-01 13:23:01.335793,2026-04-01 14:17:23.646887,1,12,normal
1159,22,finalizada,99,2026-04-01 18:59:11.430823,2026-04-01 19:53:58.503013,3,24,normal
1131,33,finalizada,97,2026-03-31 12:36:45.78166,2026-03-31 16:29:05.437203,1,11,normal
1155,18,pendiente,,2026-04-01 18:15:44.229043,,7,26,normal
1102,33,finalizada,79,2026-03-29 02:06:06.054128,2026-03-29 05:31:45.591601,1,10,normal
1115,6,finalizada,100,2026-03-30 15:02:46.588724,2026-03-30 18:32:04.504473,1,19,normal
1147,33,finalizada,93,2026-04-01 14:33:37.927942,2026-04-01 17:05:41.202488,1,13,normal
1097,33,finalizada,97,2026-03-29 00:26:32.142892,2026-03-29 02:43:55.393466,1,23,normal
1146,33,finalizada,99,2026-04-01 13:37:14.53399,2026-04-01 16:08:46.770933,1,2,normal
1103,4,finalizada,98,2026-03-29 12:29:21.800001,2026-03-29 17:00:07.861874,1,2,normal
1124,34,finalizada,98,2026-03-31 04:00:08.365794,2026-03-31 05:28:32.978373,1,18,normal
1139,4,finalizada,97,2026-04-01 03:11:21.168922,2026-04-01 06:00:39.407571,1,10,normal
1105,21,finalizada,0,2026-03-29 14:14:19.84426,2026-03-29 14:15:10.236718,38,37,ultima_milla
1151,33,en_progreso,,2026-04-01 16:45:27.053335,,1,2,normal
1119,7,en_progreso,24,2026-03-30 21:19:37.976263,,1,3,normal
1106,21,finalizada,26,2026-03-29 14:15:39.761903,2026-03-29 14:20:45.076181,38,37,ultima_milla
1107,21,en_progreso,,2026-03-29 14:21:11.583898,,38,37,ultima_milla
1113,34,finalizada,100,2026-03-30 06:26:29.73379,2026-03-31 00:35:28.129956,1,25,normal
1111,34,finalizada,100,2026-03-30 04:56:17.492478,2026-03-31 00:35:38.459368,1,19,normal
1136,4,finalizada,96,2026-04-01 00:36:34.219376,2026-04-01 04:28:47.870555,1,19,normal
1149,22,en_progreso,88,2026-04-01 15:20:39.624428,,3,26,normal
1108,4,finalizada,100,2026-03-29 14:53:13.461039,2026-03-29 20:46:39.811014,1,2,normal
1153,6,en_progreso,,2026-04-01 17:30:57.227896,,3,24,normal
1134,33,finalizada,95,2026-03-31 21:17:51.884146,2026-03-31 22:16:13.895806,1,33,normal
1156,22,en_progreso,,2026-04-01 18:17:02.050194,,3,24,normal
1114,34,finalizada,99,2026-03-30 09:05:13.993348,2026-03-30 10:58:39.817846,1,34,normal
1104,21,finalizada,100,2026-03-29 13:48:09.864031,2026-03-29 14:02:33.62993,38,37,ultima_milla
1099,21,en_progreso,4,2026-03-29 00:52:21.950338,,1,2,normal
1109,4,finalizada,100,2026-03-29 20:07:00.841308,2026-03-29 20:48:21.472823,1,31,normal
1140,4,finalizada,99,2026-04-01 05:03:15.665444,2026-04-01 05:34:15.084925,1,25,normal
1132,33,finalizada,98,2026-03-31 12:37:45.184243,2026-03-31 14:43:33.445687,1,7,normal
1123,34,finalizada,99,2026-03-31 03:28:00.801624,2026-03-31 05:21:15.281847,1,19,normal
1150,22,en_progreso,67,2026-04-01 16:03:47.133128,,3,23,normal
1133,33,finalizada,99,2026-03-31 16:33:52.681341,2026-03-31 22:31:26.389506,1,2,normal
1121,34,en_progreso,39,2026-03-31 01:31:27.012467,,1,2,normal
1120,34,finalizada,100,2026-03-31 00:35:04.42453,2026-03-31 03:30:11.342448,1,33,normal
1148,22,en_progreso,,2026-04-01 15:01:50.329899,,3,26,normal
1142,4,finalizada,99,2026-04-01 05:08:57.668617,2026-04-01 07:33:16.946827,1,8,normal
1116,7,en_progreso,99,2026-03-30 17:28:10.986923,,1,13,normal
1100,33,finalizada,77,2026-03-29 02:04:56.860075,2026-03-29 08:39:30.554963,1,9,normal
1101,33,finalizada,68,2026-03-29 02:05:30.658795,2026-03-29 05:51:22.874132,1,8,normal
1130,6,finalizada,99,2026-03-31 12:32:08.086385,2026-03-31 14:07:34.831029,1,15,normal
1128,34,finalizada,99,2026-03-31 08:52:43.157444,2026-03-31 10:17:35.479379,1,4,normal
1129,34,pendiente,,2026-03-31 10:31:26.345969,,1,22,normal
1137,4,finalizada,98,2026-04-01 00:39:27.924961,2026-04-01 04:59:18.33443,1,34,normal
1145,33,finalizada,96,2026-04-01 13:29:35.624977,2026-04-01 14:03:11.906541,1,15,normal
1125,34,finalizada,100,2026-03-31 05:35:22.885838,2026-03-31 06:26:37.553142,1,25,normal
1117,7,en_progreso,80,2026-03-30 17:34:17.497023,,1,12,normal
1112,34,finalizada,100,2026-03-30 05:29:40.090901,2026-03-30 07:50:07.063738,1,18,normal
1126,34,finalizada,99,2026-03-31 05:48:10.47626,2026-03-31 06:27:18.078637,1,34,normal
1127,34,finalizada,99,2026-03-31 06:57:45.368177,2026-03-31 08:48:05.532928,1,19,normal
1118,7,en_progreso,56,2026-03-30 20:58:55.772775,,1,15,normal
1138,4,finalizada,0,2026-04-01 01:38:42.62741,2026-04-01 05:00:00.46393,1,25,normal
1122,21,en_progreso,53,2026-03-31 03:07:51.605937,,1,2,normal
1135,33,finalizada,98,2026-03-31 22:25:42.387594,2026-03-31 23:00:49.924597,1,18,normal
1110,4,finalizada,99,2026-03-29 22:14:02.585497,2026-04-01 00:34:01.382568,1,2,normal
1157,22,en_progreso,,2026-04-01 18:48:04.335764,,3,24,normal
1143,4,en_progreso,55,2026-04-01 08:14:07.811717,,1,21,normal
1141,4,finalizada,98,2026-04-01 05:05:50.563272,2026-04-01 06:28:46.941528,1,9,normal
1158,22,en_progreso,,2026-04-01 18:58:04.735797,,3,24,normal
1154,6,pendiente,,2026-04-01 18:13:26.733069,,7,26,normal
1160,33,finalizada,86,2026-04-01 20:37:07.245871,2026-04-01 21:13:02.906534,1,33,normal
1152,33,en_progreso,99,2026-04-01 17:25:16.426484,,1,2,normal
