id,product_id,novedad_tipo,cantidad,observaciones,user_id,created_at
5,974,faltante,1,sin novedad,4,2025-12-19 07:45:21.565172
6,956,faltante,1,sin novedad,4,2025-12-19 07:55:39.388201
7,901,faltante,1,"",4,2025-12-19 08:06:55.740736
8,1669,faltante,2,"",4,2025-12-22 13:10:48.846984
9,1905,faltante,25,"",4,2025-12-22 13:11:29.328154
10,1897,faltante,5,"",4,2025-12-22 14:04:08.617684
11,1478,faltante,7,"",4,2025-12-22 14:04:32.407059
12,1685,faltante,1,"",4,2025-12-22 14:23:06.598527
13,2191,sobrante,2,sin novedad,4,2025-12-22 19:45:39.712935
14,3253,averia,1,sin novedad,3,2025-12-23 06:38:50.323192
16,4284,faltante,5,"",4,2025-12-23 17:28:41.330567
17,4795,faltante,1,sin novedad,14,2025-12-23 18:21:39.287981
18,4998,averia,1,sin novedad,7,2025-12-23 20:37:08.629816
19,5400,sobrante,1,sin novedad,4,2025-12-26 08:26:36.740638
20,5342,faltante,7,sin novedad,4,2025-12-26 08:28:07.322293
21,5553,sobrante,1,sin novedad,4,2025-12-26 08:48:35.941567
22,5479,faltante,2,"",4,2025-12-26 08:50:46.988123
23,5409,faltante,2,sin novedad,4,2025-12-26 08:52:20.628152
24,5352,faltante,2,sin novedad,4,2025-12-26 08:55:11.901066
25,5345,faltante,4,"",4,2025-12-26 08:57:27.42015
26,5344,faltante,2,"",4,2025-12-26 09:13:14.515847
27,8585,faltante,3,"",4,2025-12-28 14:12:57.241888
28,8705,sobrante,1,"",4,2025-12-28 15:09:14.808984
29,8755,faltante,2,"",4,2025-12-28 15:27:52.060513
30,8709,faltante,9,"",4,2025-12-28 15:28:28.894556
31,8890,faltante,6,"",4,2025-12-28 15:33:41.242187
32,8839,faltante,3,"",4,2025-12-28 15:35:07.173832
33,8893,faltante,6,sin novedad,4,2025-12-28 15:37:24.338003
34,8828,faltante,6,sin novedad,4,2025-12-28 15:37:36.984572
35,8860,faltante,6,"",4,2025-12-28 15:38:22.324627
36,8938,faltante,6,"",4,2025-12-28 15:39:10.66974
37,8733,faltante,5,"",4,2025-12-28 15:40:57.530539
38,9278,faltante,1,"",4,2025-12-28 17:17:09.550638
39,9287,faltante,2,"",4,2025-12-28 17:17:27.818602
40,9216,faltante,5,"",4,2025-12-28 17:20:49.626345
41,9353,faltante,3,"",4,2025-12-28 18:32:13.915643
42,9390,faltante,18,"",4,2025-12-28 18:33:25.444201
43,9401,faltante,18,sin novedad,4,2025-12-28 18:33:35.431072
44,9578,faltante,4,"",4,2025-12-28 18:35:49.476286
45,9482,faltante,2,sin novedad,4,2025-12-28 18:36:35.392971
46,9601,faltante,2,"",4,2025-12-28 18:37:51.919911
47,9599,faltante,2,sin novedad,4,2025-12-28 18:39:12.955989
48,9347,faltante,1,sin novedad,4,2025-12-28 18:46:08.498779
49,9836,faltante,2,"",4,2025-12-28 19:21:43.100997
50,10039,faltante,2,sin novedad,4,2025-12-28 19:38:03.150874
51,10327,faltante,1,"",4,2025-12-29 12:30:40.112836
53,11986,averia,2,Avería por el auxiliar de translado ,15,2025-12-29 15:21:06.13256
54,11998,averia,1,Avería de auxiliar de translado ,15,2025-12-29 16:10:29.894498
55,11403,averia,1,Avería por el auxiliar de translado ,15,2025-12-29 16:41:52.300873
56,11500,averia,1,Avería por parte del auxiliar de translado ,15,2025-12-29 16:59:52.08008
57,11502,averia,1,Avería por parte del auxiliar de translado ,15,2025-12-29 18:33:39.323552
58,11599,averia,1,Avería por parte del auxiliar de translado ,15,2025-12-29 18:34:29.293389
59,11471,averia,1,Avería por parte del auxiliar de translado ,15,2025-12-29 18:35:14.134239
60,12004,averia,1,Avería por parte del auxiliar de translado ,15,2025-12-29 18:38:47.437131
61,12005,averia,1,Avería por parte del auxiliar del translado ,15,2025-12-29 18:39:47.432752
62,11608,averia,1,Avería por parte del auxiliar de translado ,15,2025-12-29 18:40:36.841871
63,11468,averia,1,Avería por parte del auxiliar de translado ,15,2025-12-29 18:41:58.927425
64,11409,averia,3,Avería por parte del auxiliar del translado ,15,2025-12-29 18:42:44.485285
65,11651,averia,1,avería por parte del auxiliar de translado ,15,2025-12-29 18:43:45.660494
66,13525,averia,1,sin novedad,6,2025-12-29 19:41:19.091325
67,17687,faltante,22,sin novedad,4,2025-12-31 01:34:19.560871
68,17637,sobrante,3,sin novedad,4,2025-12-31 01:36:10.335363
69,17825,faltante,8,sin novedad,4,2025-12-31 01:38:46.75657
70,18035,faltante,3,"",4,2025-12-31 01:39:43.865475
71,17725,faltante,2,"",4,2025-12-31 01:40:46.214065
72,17946,faltante,22,"",4,2025-12-31 01:48:27.212831
73,17860,faltante,1,"",4,2025-12-31 01:56:47.730234
74,17959,faltante,10,"",4,2025-12-31 01:59:13.78874
75,18403,faltante,8,sin novedad,4,2025-12-31 06:53:25.974521
76,18300,faltante,1,sin novedad,4,2025-12-31 06:57:00.616123
77,18648,averia,1,sin novedad,4,2025-12-31 07:11:54.598768
78,18685,sobrante,1,"",4,2025-12-31 07:20:28.736218
79,18666,sobrante,1,"",4,2025-12-31 07:26:57.278635
80,19230,averia,1,sin novedad,14,2025-12-31 14:57:32.506027
82,19070,averia,1,"",14,2025-12-31 15:08:16.735427
84,19174,averia,1,"",14,2025-12-31 15:25:28.902448
85,19129,averia,1,"",14,2025-12-31 15:27:00.975197
86,19425,averia,1,"",14,2025-12-31 16:43:51.108535
87,19518,sobrante,8,"",14,2025-12-31 18:21:36.28437
88,19254,sobrante,24,sin novedad,14,2025-12-31 18:43:15.765162
89,19049,averia,2,"",14,2025-12-31 19:48:43.810136
90,19136,averia,1,"",14,2025-12-31 19:51:08.942344
91,19039,averia,1,"",14,2025-12-31 19:51:42.975986
92,19635,faltante,2,"",4,2026-01-01 09:27:08.073782
93,19837,averia,1,"",3,2026-01-02 14:00:43.668774
94,20764,averia,1,"",4,2026-01-03 13:58:56.82028
95,21976,averia,1,Avería por parte del auxiliar de translado ,15,2026-01-03 14:06:23.96827
96,22188,averia,2,Avería por parte del auxiliar de translado ,15,2026-01-03 14:13:58.400071
97,22061,averia,1,Avería por parte del auxiliar de translado ,15,2026-01-03 14:18:41.509229
98,22267,averia,1,sin novedad,6,2026-01-03 14:27:16.89946
99,21965,averia,4,Avería por parte del auxiliar de translado ,15,2026-01-03 14:46:49.102625
101,22753,sobrante,1,sin novedad,4,2026-01-03 15:15:14.482564
102,22114,averia,1,Avería por parte del auxiliar de translado ,15,2026-01-03 15:35:19.875817
103,22045,averia,1,Avería por parte del auxiliar de translado ,15,2026-01-03 15:39:37.131718
104,22069,averia,1,Avería por parte del auxiliar de translado ,15,2026-01-03 15:49:17.467437
105,22127,averia,1,Avería por parte del auxiliar de translado ,15,2026-01-03 16:14:26.882768
106,22183,averia,2,Avería por parte del auxiliar del translado ,15,2026-01-03 17:20:28.685933
107,22059,averia,2,Avería por parte del auxiliar de translado ,15,2026-01-03 17:27:19.341595
108,21959,sobrante,3,"",15,2026-01-03 17:45:35.052503
109,21974,averia,1,Avería por parte del auxiliar de translado ,15,2026-01-03 18:34:06.047665
110,22153,averia,2,Avería por parte del auxiliar de translado ,15,2026-01-03 18:34:34.485385
111,22108,averia,1,Avería por parte del auxiliar del translado ,15,2026-01-03 18:35:02.656715
115,22804,sobrante,1,"",4,2026-01-03 21:01:18.717461
116,23147,faltante,1,sin novedad,4,2026-01-03 21:19:50.888427
117,22983,faltante,4,"",4,2026-01-03 21:24:47.395447
118,23109,faltante,1,"",4,2026-01-03 21:50:41.218188
119,23169,faltante,2,sin novedad,4,2026-01-03 21:51:36.901848
120,23113,faltante,1,"",4,2026-01-03 21:54:45.075216
121,23094,faltante,3,sin novedad,4,2026-01-03 22:01:56.874901
122,23345,faltante,4,sin novedad,4,2026-01-03 22:24:24.44928
123,23274,faltante,4,sin novedad,4,2026-01-03 22:30:24.555881
124,23342,faltante,2,sin novedad,4,2026-01-03 22:32:07.532603
125,23227,sobrante,1,sin novedad,4,2026-01-03 22:52:55.22713
126,24046,faltante,6,"",4,2026-01-04 14:00:45.754265
127,23922,faltante,8,"",4,2026-01-04 14:01:23.309008
128,23918,faltante,1,"",4,2026-01-04 14:03:49.747561
129,24076,faltante,1,sin novedad,4,2026-01-04 14:06:04.794886
130,23935,sobrante,1,"",4,2026-01-04 14:24:06.962234
131,23980,sobrante,1,"",4,2026-01-04 14:28:58.465696
132,23953,faltante,1,sin novedad,4,2026-01-04 14:30:03.678394
133,24081,faltante,6,"",4,2026-01-04 14:48:47.636726
134,24001,sobrante,4,sin novedad,4,2026-01-04 14:51:25.915567
135,24201,averia,1,sin novedad,6,2026-01-05 15:06:32.594488
136,24299,averia,1,sin novedad,7,2026-01-05 15:13:12.12397
137,24937,fecha_corta,1,"",5,2026-01-05 15:25:33.113833
138,24745,averia,1,sin novedad,5,2026-01-05 15:57:48.402549
139,24842,averia,1,sin novedad,6,2026-01-05 16:10:27.89623
140,25031,averia,2,"",21,2026-01-05 16:32:04.854884
141,25053,averia,1,sin novedad,21,2026-01-05 16:33:53.110294
142,25219,faltante,2,"",4,2026-01-06 00:42:14.885087
143,25172,faltante,7,"",4,2026-01-06 00:48:42.397561
144,25098,faltante,24,"",4,2026-01-06 00:51:34.291288
145,25077,faltante,6,"",4,2026-01-06 00:55:58.909169
147,25252,faltante,1,sin novedad,4,2026-01-06 01:27:50.644701
148,25296,averia,1,"",4,2026-01-06 01:36:12.323815
149,25488,faltante,2,sin novedad,4,2026-01-06 03:29:56.689284
150,25487,faltante,1,sin novedad,4,2026-01-06 03:41:21.361115
151,25482,faltante,1,"",4,2026-01-06 03:42:53.786814
152,25481,averia,1,sin novedad,4,2026-01-06 03:49:38.969218
153,25664,faltante,10,"",4,2026-01-06 05:03:43.024976
154,25724,sobrante,1,sin novedad,4,2026-01-06 05:29:08.209632
155,27761,averia,1,10/12/2025,22,2026-01-06 14:43:48.28377
156,27761,vencido,1,10/12/2025,22,2026-01-06 14:43:48.284699
157,28048,averia,1,Productos roto ,22,2026-01-06 14:57:12.245005
160,27728,averia,2,"",22,2026-01-06 15:08:42.35359
161,28197,averia,1,sin novedad,22,2026-01-06 15:11:54.727133
163,28264,sobrante,2,sin novedad,22,2026-01-06 15:39:25.905406
164,28264,averia,1,sin novedad,22,2026-01-06 15:39:25.905411
165,28204,sobrante,1,sin novedad,22,2026-01-06 16:08:42.79891
166,28121,averia,1,"",22,2026-01-06 16:26:16.692558
167,28151,averia,3,sin novedad,22,2026-01-06 16:55:33.431749
168,28182,averia,1,sin novedad,22,2026-01-06 16:56:53.246506
169,28058,sobrante,4,"",22,2026-01-06 17:13:54.224095
170,28110,averia,1,"",22,2026-01-06 17:19:40.324426
171,28062,faltante,1,sin novedad,22,2026-01-06 17:26:51.975735
172,28141,sobrante,1,"",22,2026-01-06 17:31:43.348692
173,28141,averia,1,"",22,2026-01-06 17:31:43.348696
174,28339,averia,1,"",14,2026-01-06 17:32:31.288603
175,28103,averia,1,"",22,2026-01-06 17:45:10.602413
176,28154,averia,1,sin novedad,22,2026-01-06 17:47:26.94401
177,28104,sobrante,1,"",22,2026-01-06 17:47:54.320738
178,27723,averia,1,"",22,2026-01-06 18:17:49.194205
179,27725,sobrante,2,"",22,2026-01-06 18:24:56.424142
180,29212,faltante,1,"",4,2026-01-07 00:36:37.898327
181,29379,sobrante,3,"",4,2026-01-07 01:42:15.193455
182,29553,sobrante,2,"",4,2026-01-07 03:42:13.435399
183,30387,averia,1,"",4,2026-01-07 07:31:09.717036
184,30689,averia,1,"",4,2026-01-07 08:17:01.556185
187,31743,averia,1,sin novedad,14,2026-01-07 16:51:18.701012
188,31464,averia,1,"",14,2026-01-07 17:26:02.85918
189,31459,sobrante,1,sin novedad,14,2026-01-07 17:30:32.033519
190,31459,averia,1,sin novedad,14,2026-01-07 17:30:32.033523
191,31458,averia,1,sin novedad,14,2026-01-07 17:36:40.983201
192,31836,averia,1,"",14,2026-01-07 17:57:28.924124
193,31774,averia,1,sin novedad,14,2026-01-07 18:17:19.297774
194,31833,averia,1,"",14,2026-01-07 18:22:11.972489
195,31768,averia,1,"",14,2026-01-07 18:24:22.555132
196,31838,averia,1,"",14,2026-01-07 18:31:08.066896
197,31138,averia,1,sin novedad,22,2026-01-07 19:55:45.039563
198,31212,averia,1,sin novedad,22,2026-01-07 19:56:31.061323
199,31579,averia,1,sin novedad,14,2026-01-07 20:52:50.953647
200,31559,averia,9,"",14,2026-01-07 20:56:03.830394
201,31868,averia,1,sin novedad,3,2026-01-07 22:32:08.873592
202,31870,averia,1,sin novedad,3,2026-01-07 22:46:44.453229
203,33748,averia,1,"",5,2026-01-08 06:07:43.040371
205,36165,averia,1,sin novedad,5,2026-01-09 06:22:06.043595
207,37195,faltante,1,sin novedad,4,2026-01-10 12:47:57.175439
208,37294,faltante,8,"",4,2026-01-10 13:40:22.854792
209,37270,averia,1,"",4,2026-01-10 13:43:51.757303
210,37521,faltante,7,"",4,2026-01-10 13:55:12.926726
211,37520,faltante,7,sin novedad,4,2026-01-10 13:55:45.848187
212,37468,faltante,8,"",4,2026-01-10 13:56:11.533401
213,37390,averia,1,"",7,2026-01-10 14:01:29.371691
214,37383,faltante,4,sin novedad,4,2026-01-10 14:12:47.365218
215,37681,faltante,3,"",4,2026-01-10 14:40:04.383499
216,37686,faltante,6,"",4,2026-01-10 14:53:02.996502
217,37604,faltante,72,"",4,2026-01-10 14:55:48.60105
218,37884,faltante,8,"",4,2026-01-12 01:09:26.028409
219,37979,faltante,8,"",4,2026-01-12 07:28:14.488109
223,37986,sobrante,1,"",4,2026-01-12 07:40:48.903133
224,37991,faltante,3,sin novedad,4,2026-01-12 07:43:58.423103
225,38084,sobrante,3,sin novedad,4,2026-01-12 07:45:28.902956
227,38014,faltante,2,"",4,2026-01-12 08:04:02.795023
228,37992,sobrante,1,sin novedad,4,2026-01-12 08:05:00.814005
229,38113,sobrante,1,"",4,2026-01-12 08:08:00.088999
230,38019,faltante,2,sin novedad,4,2026-01-12 08:19:24.182143
231,38151,faltante,2,"",4,2026-01-12 08:47:46.51919
232,38324,faltante,2,sin novedad,4,2026-01-12 08:48:09.132801
233,38286,faltante,4,"",4,2026-01-12 09:28:34.84236
234,38457,faltante,2,"",4,2026-01-12 09:42:45.625794
235,38443,faltante,1,"",4,2026-01-12 09:47:06.952785
236,38563,faltante,6,"",4,2026-01-13 00:37:41.334996
237,39096,sobrante,1,"",4,2026-01-13 01:59:14.581184
238,39494,averia,2,"",4,2026-01-13 06:49:52.036143
239,40087,averia,1,"",4,2026-01-13 09:08:06.119612
240,41159,averia,1,"",3,2026-01-14 14:52:13.934296
246,41613,averia,1,sin novedad,22,2026-01-14 18:35:17.223363
247,41570,sobrante,1,"",22,2026-01-14 18:37:38.085178
250,41724,sobrante,1,sin novedad,22,2026-01-14 19:59:44.215592
251,41703,faltante,2,sin novedad,22,2026-01-14 20:00:15.722574
252,41547,fecha_corta,5,Fecha corta del mes 02 del 2026,22,2026-01-14 20:20:27.665095
253,41598,averia,1,sin novedad,22,2026-01-14 20:27:25.744722
254,42787,averia,1,"",14,2026-01-15 15:06:51.59667
255,42589,averia,1,"",14,2026-01-15 15:07:06.933359
256,42824,averia,1,"",14,2026-01-15 15:07:54.927478
257,42645,averia,1,sin novedad,14,2026-01-15 15:08:06.738915
258,42819,averia,1,"",14,2026-01-15 15:08:23.29692
259,42840,averia,1,"",14,2026-01-15 15:08:44.502573
260,42594,averia,1,"",14,2026-01-15 15:09:06.243791
261,42904,averia,1,"",14,2026-01-15 15:09:34.351355
262,42812,averia,1,"",14,2026-01-15 15:10:16.275345
263,43335,faltante,7,"",4,2026-01-15 17:09:29.332053
264,43367,faltante,2,"",4,2026-01-15 17:10:01.808786
265,43458,faltante,2,"",4,2026-01-15 17:10:59.861405
266,43393,faltante,8,"",4,2026-01-15 17:11:50.271537
267,43514,faltante,2,"",4,2026-01-15 17:24:06.108033
268,43431,faltante,1,"",4,2026-01-15 17:25:57.261276
269,43418,faltante,1,"",4,2026-01-15 17:26:17.71238
270,43370,faltante,3,"",4,2026-01-15 17:27:02.39044
271,43548,averia,1,"",18,2026-01-15 21:36:36.570804
274,43937,averia,1,"",14,2026-01-17 21:50:45.817515
275,43900,averia,1,"",14,2026-01-17 21:51:10.016372
276,44007,averia,1,"",14,2026-01-17 21:51:38.180283
277,43967,averia,1,sin novedad,14,2026-01-17 21:52:22.693361
278,43911,averia,1,sin novedad,14,2026-01-17 21:52:41.449678
279,44037,averia,1,"",14,2026-01-17 21:52:55.964287
280,43938,averia,1,"",14,2026-01-17 21:53:29.601981
281,43825,averia,1,sin novedad,14,2026-01-17 21:54:06.220638
282,43952,averia,1,sin novedad,14,2026-01-17 21:54:20.915203
283,43995,averia,1,"",14,2026-01-17 21:54:42.800842
284,44036,averia,1,"",14,2026-01-17 21:55:02.679044
285,44012,averia,1,"",14,2026-01-17 21:56:08.932847
286,44505,faltante,2,sin novedad,4,2026-01-18 04:33:08.002967
287,44558,sobrante,1,sin novedad,4,2026-01-18 04:35:35.366826
288,45140,sobrante,4,sin novedad,4,2026-01-18 05:36:13.516972
289,44725,faltante,1,sin novedad,4,2026-01-18 07:32:32.594625
290,44620,sobrante,2,"",4,2026-01-18 07:41:02.612186
291,44627,faltante,9,sin novedad,4,2026-01-18 07:44:17.550613
292,44875,sobrante,1,sin novedad,4,2026-01-18 07:55:54.577681
293,44926,faltante,4,"",4,2026-01-18 08:03:24.82557
294,44953,faltante,1,sin novedad,4,2026-01-18 08:03:36.41542
295,44807,faltante,2,"",4,2026-01-18 08:05:45.70594
296,44757,faltante,3,sin novedad,4,2026-01-18 08:06:52.239509
297,44935,faltante,2,"",4,2026-01-18 08:07:38.692867
298,44864,faltante,2,"",4,2026-01-18 08:10:44.408389
299,44872,faltante,3,sin novedad,4,2026-01-18 08:15:04.804258
300,44923,faltante,12,"",4,2026-01-18 08:16:00.091756
301,44780,faltante,29,sin novedad,4,2026-01-18 08:22:18.417926
302,44760,faltante,2,"",4,2026-01-18 08:24:58.304702
303,44936,faltante,1,"",4,2026-01-18 08:28:37.786672
304,44948,faltante,10,"",4,2026-01-18 08:30:26.459232
305,44904,faltante,4,sin novedad,4,2026-01-18 08:30:41.268051
306,44779,faltante,8,"",4,2026-01-18 08:33:27.761053
308,44841,faltante,6,sin novedad,4,2026-01-18 08:43:09.675573
309,44761,faltante,12,"",4,2026-01-18 08:43:37.856653
310,44877,faltante,3,"",4,2026-01-18 08:44:59.018065
311,45292,faltante,10,"",4,2026-01-19 06:28:53.805131
312,45358,sobrante,1,"",4,2026-01-19 06:37:32.528198
313,45288,faltante,1,"",4,2026-01-19 06:39:55.727127
314,45245,faltante,2,"",4,2026-01-19 06:45:48.811309
315,45334,sobrante,1,sin novedad,4,2026-01-19 06:51:38.016865
316,45427,averia,1,"",4,2026-01-19 07:19:04.402809
318,45497,faltante,1,"",4,2026-01-19 07:29:49.136994
319,45705,faltante,4,"",4,2026-01-19 07:39:11.086539
320,45690,faltante,1,"",4,2026-01-19 07:44:53.199487
321,45657,sobrante,6,sin novedad,4,2026-01-19 07:47:31.739471
323,45715,faltante,4,sin novedad,4,2026-01-19 07:59:34.477957
324,45711,faltante,18,"",4,2026-01-19 08:02:05.306201
325,45683,sobrante,1,"",4,2026-01-19 08:05:39.846196
326,45562,faltante,12,sin novedad,4,2026-01-19 08:06:33.618607
327,45665,faltante,2,sin novedad,4,2026-01-19 08:18:58.349229
328,45948,averia,1,"",6,2026-01-19 16:24:54.270946
329,46014,averia,1,incompleto,6,2026-01-19 18:34:56.604841
330,46587,faltante,2,"",4,2026-01-21 20:36:51.803222
331,46589,sobrante,2,"",4,2026-01-21 20:50:57.095621
332,46966,faltante,1,"",4,2026-01-22 15:21:45.094199
333,46963,faltante,4,sin novedad,4,2026-01-22 15:23:31.689957
334,46999,sobrante,1,sin novedad,4,2026-01-22 15:45:12.755867
335,46967,sobrante,1,sin novedad,4,2026-01-22 16:21:15.662511
336,47817,averia,1,"",14,2026-01-22 21:15:32.474282
337,47959,faltante,1,"",4,2026-01-23 12:48:12.384588
338,48113,sobrante,2,sin novedad,4,2026-01-23 12:53:57.960834
339,48130,faltante,1,sin novedad,4,2026-01-23 12:55:33.270722
340,48183,faltante,1,"",4,2026-01-23 13:12:11.393642
341,48071,faltante,2,sin novedad,4,2026-01-23 13:24:44.136396
342,48108,faltante,5,sin novedad,4,2026-01-23 13:25:54.649863
343,48094,faltante,2,"",4,2026-01-23 13:26:53.551283
344,48122,faltante,1,sin novedad,4,2026-01-23 13:30:15.323439
346,48231,sobrante,2,"",4,2026-01-23 15:48:04.338948
347,48764,faltante,2,sin novedad,4,2026-01-23 22:42:48.731179
348,48748,faltante,2,"",4,2026-01-23 22:53:02.754023
350,48899,faltante,3,sin novedad,4,2026-01-23 23:25:54.865627
351,49118,averia,1,"",3,2026-01-24 02:09:56.128081
352,49486,averia,1,"",3,2026-01-24 06:15:22.42261
353,50101,faltante,2,"",4,2026-01-24 13:24:40.077882
354,50186,sobrante,1,sin novedad,4,2026-01-24 13:42:32.682496
355,50174,faltante,5,sin novedad,4,2026-01-24 13:53:24.478946
356,50491,sobrante,1,sin novedad,4,2026-01-24 16:34:47.093013
358,50855,faltante,1,sin novedad,4,2026-01-24 20:28:57.67911
359,50790,faltante,3,"",4,2026-01-24 20:30:32.911479
360,50807,faltante,4,"",4,2026-01-24 20:33:49.823552
361,50948,faltante,13,"",4,2026-01-24 20:37:25.71493
362,50904,faltante,51,sin novedad,4,2026-01-24 20:56:35.039794
363,51016,faltante,2,"",4,2026-01-24 21:00:16.86453
364,50969,sobrante,1,"",4,2026-01-24 21:01:36.61085
365,50969,averia,1,"",4,2026-01-24 21:01:36.610854
366,51077,faltante,9,"",4,2026-01-24 21:06:24.169578
367,50974,faltante,1,"",4,2026-01-24 21:14:55.514801
368,51008,faltante,1,sin novedad,4,2026-01-24 21:29:11.233451
369,51005,sobrante,4,"",4,2026-01-24 21:37:24.727992
370,50899,sobrante,1,"",4,2026-01-24 21:43:11.16723
371,50837,sobrante,1,sin novedad,4,2026-01-24 21:43:25.93801
372,50988,faltante,2,"",4,2026-01-24 21:46:35.533688
373,51118,faltante,30,sin novedad,4,2026-01-25 13:04:03.299643
374,51220,faltante,33,"",4,2026-01-25 15:59:47.827334
375,51173,faltante,6,"",4,2026-01-25 16:07:22.108193
376,51193,faltante,1,sin novedad,4,2026-01-25 16:14:56.119189
377,51287,sobrante,1,"",4,2026-01-25 16:51:51.350091
378,51287,averia,1,"",4,2026-01-25 16:51:51.350096
379,51282,sobrante,1,sin novedad,4,2026-01-25 16:53:44.183748
381,51300,sobrante,1,"",4,2026-01-25 16:56:48.499344
382,52083,averia,1,sin novedad,3,2026-01-26 06:18:13.534953
383,52658,averia,1,sin novedad,3,2026-01-26 09:34:28.578448
384,53214,averia,1,"",6,2026-01-26 17:12:08.828734
386,53425,faltante,1,"",6,2026-01-26 21:00:45.9373
387,53436,averia,1,1 faltante,6,2026-01-26 21:01:46.127637
388,54852,sobrante,1,"",4,2026-01-27 23:15:37.19583
389,54950,faltante,1,"",4,2026-01-27 23:26:44.306804
390,54810,faltante,15,sin novedad,4,2026-01-27 23:38:00.042566
391,55252,faltante,1,"",4,2026-01-28 13:34:51.462781
392,55785,averia,1,"",21,2026-01-28 14:43:33.961718
393,55949,averia,1,"",18,2026-01-28 17:00:51.624937
394,56203,sobrante,2,sin novedad,4,2026-01-28 20:10:59.661373
395,56528,faltante,1,sin novedad,4,2026-01-28 22:03:24.462695
397,56014,sobrante,1,"",4,2026-01-28 22:38:39.737926
398,55966,faltante,1,"",4,2026-01-28 22:52:45.829532
399,56704,faltante,5,sin novedad,21,2026-01-29 14:21:27.716056
400,57487,sobrante,1,sin novedad,14,2026-01-29 14:22:33.610696
401,57597,sobrante,1,sin novedad,14,2026-01-29 15:29:32.601414
402,58021,averia,1,sin novedad,6,2026-01-29 17:45:07.902447
406,58550,sobrante,1,sin novedad,4,2026-01-30 00:37:40.42572
407,58541,sobrante,1,sin novedad,4,2026-01-30 00:38:09.273177
408,58699,faltante,1,"",4,2026-01-30 01:08:40.944868
409,59037,faltante,3,"",4,2026-01-30 06:43:53.245654
410,59029,faltante,50,sin novedad,4,2026-01-30 06:48:45.330791
411,58925,faltante,1,"",4,2026-01-30 07:08:05.173705
412,59025,faltante,5,"",4,2026-01-30 07:13:40.01228
413,59205,faltante,1,"",4,2026-01-30 07:14:15.78361
414,58913,faltante,1,"",4,2026-01-30 07:14:42.651661
415,59054,faltante,6,"",4,2026-01-30 07:15:13.0878
416,58893,faltante,2,sin novedad,4,2026-01-30 07:18:51.951903
417,59181,faltante,5,"",4,2026-01-30 07:19:50.798017
418,59241,faltante,17,"",4,2026-01-30 07:37:46.096565
419,59246,averia,1,"",4,2026-01-30 07:38:52.985763
420,59848,faltante,2,"",4,2026-01-30 09:41:35.548858
421,61761,faltante,1,sin novedad,4,2026-01-31 00:58:00.665971
422,61706,faltante,1,sin novedad,4,2026-01-31 01:02:37.459163
423,62106,faltante,11,sin novedad,4,2026-01-31 04:04:55.911309
424,62182,faltante,2,"",4,2026-01-31 04:07:37.345795
425,62014,sobrante,2,sin novedad,4,2026-01-31 04:17:45.580243
426,62115,faltante,3,"",4,2026-01-31 04:20:36.623003
427,62187,faltante,16,"",4,2026-01-31 04:32:42.235866
428,62177,faltante,24,"",4,2026-01-31 04:35:00.712478
429,62598,sobrante,1,"",4,2026-01-31 06:58:38.358865
430,62775,sobrante,1,"",4,2026-01-31 08:37:26.132346
431,62829,sobrante,1,sin novedad,4,2026-01-31 09:26:52.548004
432,62839,faltante,1,sin novedad,4,2026-01-31 09:29:19.718039
433,62892,averia,1,sin novedad,21,2026-01-31 15:44:02.436054
434,62894,averia,1,sin novedad,21,2026-01-31 15:44:20.944179
435,63471,averia,1,sin novedad,21,2026-01-31 16:43:13.035611
436,63393,sobrante,1,"",21,2026-01-31 20:34:32.552515
437,64001,faltante,1,sin novedad,4,2026-02-02 14:41:19.336371
438,64884,sobrante,2,sin novedad,14,2026-02-02 14:50:39.637448
439,64884,averia,1,sin novedad,14,2026-02-02 14:50:39.637452
440,64892,averia,1,"",14,2026-02-02 14:57:33.677081
441,63823,averia,1,sin novedad,4,2026-02-02 14:58:12.761375
442,64868,averia,1,sin novedad,6,2026-02-02 19:46:14.161183
443,64605,averia,1,sin novedad,6,2026-02-02 20:07:42.969452
444,66522,faltante,2,"",4,2026-02-02 22:02:44.526915
445,66451,faltante,1,"",4,2026-02-02 22:45:34.659952
446,66696,faltante,1,"",4,2026-02-03 15:43:37.105185
447,66694,sobrante,1,sin novedad,4,2026-02-03 16:27:05.373362
448,67058,faltante,1,sin novedad,14,2026-02-03 16:47:22.962096
449,67184,faltante,8,"",4,2026-02-03 17:12:26.718106
450,66817,averia,1,sin novedad,6,2026-02-03 19:12:50.544081
451,66830,averia,1,sin novedad,6,2026-02-03 19:16:46.875317
452,67596,sobrante,2,sin novedad,4,2026-02-03 19:34:54.266397
453,67596,averia,1,sin novedad,4,2026-02-03 19:34:54.2664
454,67452,faltante,2,sin novedad,4,2026-02-03 19:41:47.486037
455,67613,faltante,1,sin novedad,4,2026-02-03 19:42:59.620298
456,67553,faltante,3,"",4,2026-02-03 19:44:31.655294
457,67414,faltante,9,sin novedad,4,2026-02-03 19:47:29.697482
458,67053,averia,1,sin novedad,6,2026-02-03 19:48:14.665241
459,67472,faltante,9,sin novedad,4,2026-02-03 19:49:06.050028
460,67047,averia,1,"",6,2026-02-03 19:49:14.537094
461,67531,faltante,11,"",4,2026-02-03 19:49:19.515899
462,66974,averia,1,"",6,2026-02-03 19:57:33.567013
463,66913,averia,1,"",6,2026-02-03 20:04:54.171365
464,67533,faltante,12,"",4,2026-02-03 20:34:40.593839
468,67731,faltante,1,sin novedad,4,2026-02-03 22:35:41.254028
469,67685,faltante,3,sin novedad,4,2026-02-03 22:35:57.740797
470,67712,faltante,1,"",4,2026-02-03 22:42:43.067414
471,67967,averia,1,sin novedad,3,2026-02-04 01:23:58.836405
472,69226,faltante,1,"",5,2026-02-04 16:52:05.958805
473,69431,faltante,4,"",5,2026-02-04 16:53:17.013911
474,69766,faltante,2,sin novedad,5,2026-02-04 17:32:33.517501
475,70667,faltante,1,sin novedad,21,2026-02-04 20:48:17.495291
478,71519,faltante,1,sin novedad,4,2026-02-05 01:10:41.970572
479,71359,faltante,2,"",4,2026-02-05 02:04:42.90133
480,71401,faltante,12,"",4,2026-02-05 02:06:38.014232
481,71718,faltante,12,sin novedad,4,2026-02-05 06:19:07.162507
482,71713,faltante,39,"",4,2026-02-05 06:30:32.048389
483,71652,faltante,15,"",4,2026-02-05 06:32:32.880101
484,71680,faltante,10,sin novedad,4,2026-02-05 06:37:47.169715
485,72920,faltante,1,sin novedad,21,2026-02-05 14:11:31.72184
486,70897,faltante,1,"",14,2026-02-05 20:36:14.700544
487,71115,averia,1,sin novedad,14,2026-02-05 20:38:38.811885
488,70772,sobrante,1,sin novedad,14,2026-02-05 20:39:20.150178
489,71045,averia,2,"",14,2026-02-05 20:39:55.449488
490,71086,sobrante,1,"",14,2026-02-05 20:40:22.495085
491,70812,sobrante,1,sin novedad,14,2026-02-05 20:40:33.780793
492,70846,sobrante,6,"",14,2026-02-05 20:41:21.796605
493,70792,sobrante,1,sin novedad,14,2026-02-05 20:51:16.893985
494,73044,sobrante,1,"",22,2026-02-05 20:51:49.617042
495,73573,sobrante,2,sin novedad,4,2026-02-06 05:56:01.381764
496,73700,faltante,24,"",4,2026-02-06 07:15:43.706975
497,73864,faltante,15,"",4,2026-02-06 08:29:05.379928
498,74612,sobrante,3,"",14,2026-02-06 14:25:37.855135
499,74391,averia,1,"",21,2026-02-06 19:05:49.958217
500,74058,sobrante,1,"",21,2026-02-06 19:06:04.758838
501,74518,averia,1,"",21,2026-02-06 19:06:27.470065
502,74205,averia,1,"",21,2026-02-06 19:06:46.719588
503,74196,averia,1,sin novedad,21,2026-02-06 19:08:02.42218
504,77012,averia,1,sin novedad,14,2026-02-07 13:48:32.239985
506,77006,averia,2,"",14,2026-02-07 13:50:04.504393
507,77201,averia,1,10 sobrante,14,2026-02-07 14:24:54.652858
508,77202,averia,1,"",14,2026-02-07 14:27:19.494682
509,77300,averia,1,"",14,2026-02-07 14:43:20.526899
510,77402,sobrante,2,sin novedad,14,2026-02-07 14:51:32.744701
511,77362,sobrante,1,"",14,2026-02-07 15:19:22.11288
512,77217,averia,1,"",14,2026-02-07 20:44:00.710039
515,77618,vencido,1,06 febrero 2026,14,2026-02-07 21:12:32.026375
516,77762,faltante,1,"",4,2026-02-08 13:09:06.215816
517,78031,faltante,1,"",4,2026-02-08 14:12:35.672494
518,78043,faltante,1,sin novedad,4,2026-02-08 14:19:50.309107
519,78229,faltante,30,"",4,2026-02-08 16:46:35.204584
521,78613,faltante,25,sin novedad,4,2026-02-08 19:11:36.802569
522,78662,faltante,23,sin novedad,4,2026-02-08 19:15:35.869745
524,78637,faltante,10,sin novedad,4,2026-02-08 19:31:23.284066
525,79153,averia,1,"",16,2026-02-09 07:58:58.242573
526,79398,averia,1,sin novedad,16,2026-02-09 08:01:26.100317
527,79281,averia,1,sin novedad,16,2026-02-09 08:13:32.371308
528,79375,averia,1,"",16,2026-02-09 08:15:57.023956
529,79811,faltante,7,"",4,2026-02-09 13:59:23.792664
530,80243,averia,1,"",21,2026-02-09 14:13:53.486442
531,80194,sobrante,2,"",21,2026-02-09 14:14:11.534782
532,80232,sobrante,1,"",21,2026-02-09 14:14:31.963618
533,80229,averia,1,"",21,2026-02-09 14:14:56.925976
534,80763,faltante,7,sin novedad,4,2026-02-09 15:51:42.137024
535,80679,faltante,10,"",4,2026-02-09 15:53:03.366232
536,80837,faltante,1,"",4,2026-02-09 15:56:32.133154
537,80769,faltante,11,"",4,2026-02-09 15:58:14.577446
539,80709,faltante,3,"",4,2026-02-09 16:01:28.688494
541,80643,faltante,24,sin novedad,4,2026-02-09 16:10:16.524422
542,80730,faltante,6,sin novedad,4,2026-02-09 16:10:40.07969
543,80682,faltante,120,"",4,2026-02-09 16:13:53.677742
544,80697,faltante,24,sin novedad,4,2026-02-09 16:14:43.205826
545,80843,faltante,2,"",4,2026-02-09 16:25:46.239773
546,80773,faltante,17,sin novedad,4,2026-02-09 16:27:38.250041
547,80793,sobrante,8,sin novedad,4,2026-02-09 16:55:37.989357
548,80662,faltante,3,"",4,2026-02-09 16:57:35.358489
549,80808,faltante,3,sin novedad,4,2026-02-09 17:02:46.051995
550,80630,faltante,24,"",4,2026-02-09 17:09:38.056943
551,80591,faltante,1,"",4,2026-02-09 17:10:04.540778
552,80804,faltante,30,sin novedad,4,2026-02-09 17:14:44.162155
553,80772,faltante,6,"",4,2026-02-09 17:15:36.062286
554,80589,faltante,30,sin novedad,4,2026-02-09 17:16:42.29206
555,81785,faltante,6,sin novedad,4,2026-02-09 19:18:26.826857
556,81724,faltante,13,sin novedad,4,2026-02-09 19:20:27.924968
1139,106294,averia,2,"",21,2026-02-23 13:56:50.92376
560,81636,faltante,8,"",4,2026-02-09 19:35:15.979134
561,81657,sobrante,1,sin novedad,4,2026-02-09 19:47:38.931852
562,81693,faltante,24,"",4,2026-02-09 20:21:03.743157
563,81792,faltante,12,sin novedad,4,2026-02-09 20:22:07.992167
564,81694,faltante,12,sin novedad,4,2026-02-09 20:22:50.476387
565,81675,faltante,24,sin novedad,4,2026-02-09 20:43:35.324279
566,81541,faltante,2,"",4,2026-02-09 21:25:05.410318
567,81997,sobrante,1,sin novedad,14,2026-02-10 14:27:44.81154
568,82018,averia,1,"",14,2026-02-10 14:40:05.201852
1148,106094,sobrante,3,Sobrante de 3 unidades,21,2026-02-23 19:32:52.230522
570,82017,sobrante,1,sin novedad,14,2026-02-10 14:42:34.768193
827,94939,faltante,1,Faltante de 1 unidades,6,2026-02-17 18:39:50.107204
572,82049,faltante,1,sin novedad,6,2026-02-10 14:47:17.04598
573,82049,averia,1,sin novedad,6,2026-02-10 14:47:17.045984
574,82308,averia,1,"",6,2026-02-10 16:14:58.504456
575,82254,averia,1,"",7,2026-02-10 17:05:15.648062
576,82519,averia,1,sin novedad,7,2026-02-10 21:00:14.900752
577,83153,sobrante,1,"",4,2026-02-11 00:38:01.53036
578,83268,faltante,24,sin novedad,4,2026-02-11 00:54:59.548811
579,83163,sobrante,1,"",4,2026-02-11 01:01:59.530873
580,83901,faltante,5,"",4,2026-02-11 01:15:44.223172
581,83919,faltante,24,sin novedad,4,2026-02-11 01:31:54.389666
582,83608,averia,1,"",4,2026-02-11 04:37:31.834661
583,83803,faltante,5,sin novedad,4,2026-02-11 04:54:04.333577
584,83833,faltante,4,"",4,2026-02-11 04:56:20.801845
585,83678,sobrante,2,sin novedad,4,2026-02-11 05:02:00.543573
586,83796,faltante,2,"",4,2026-02-11 05:04:19.805689
587,83815,faltante,6,"",4,2026-02-11 05:05:30.754825
588,83764,faltante,6,sin novedad,4,2026-02-11 05:05:40.042558
589,83722,faltante,24,sin novedad,4,2026-02-11 05:05:52.246681
590,83744,faltante,24,"",4,2026-02-11 05:09:26.66321
591,83839,faltante,24,"",4,2026-02-11 05:20:33.620621
1149,106074,faltante,7,Faltante de 7 unidades,21,2026-02-23 19:33:58.647857
593,83780,faltante,24,"",4,2026-02-11 05:22:31.933889
594,84334,faltante,2,sin novedad,4,2026-02-11 08:33:44.464735
596,85487,averia,1,"",23,2026-02-11 21:59:40.096279
597,85906,faltante,21,sin novedad,4,2026-02-12 00:54:37.383027
598,86178,sobrante,1,"",4,2026-02-12 04:00:53.922367
599,86689,faltante,4,"",4,2026-02-12 04:47:04.956642
600,86638,faltante,3,"",4,2026-02-12 04:47:58.582588
601,86789,averia,1,sin novedad,4,2026-02-12 05:35:18.865123
602,86837,faltante,6,"",4,2026-02-12 05:54:17.919474
603,86968,faltante,8,"",4,2026-02-12 06:06:15.81954
605,86988,sobrante,6,sin novedad,4,2026-02-12 06:16:45.78137
606,87048,sobrante,1,"",4,2026-02-12 06:20:37.835215
608,83141,averia,1,sin novedad,14,2026-02-12 19:54:22.496171
609,83148,averia,1,sin novedad,14,2026-02-12 19:56:19.739774
610,83140,averia,1,"",14,2026-02-12 20:00:42.298438
611,83031,averia,1,"",14,2026-02-12 21:15:37.523976
612,83043,averia,1,"",14,2026-02-12 21:16:10.276306
613,88550,faltante,1,Faltante de 1 unidades,18,2026-02-13 03:50:10.458714
614,88552,sobrante,2,Sobrante de 2 unidades,18,2026-02-13 03:50:25.876219
616,88551,faltante,2,Faltante de 2 unidades,18,2026-02-13 04:51:26.805014
617,88648,faltante,2,Faltante de 2 unidades,18,2026-02-13 04:58:50.869241
618,88649,faltante,1,Faltante de 1 unidades,18,2026-02-13 04:58:53.684826
619,88650,sobrante,1,Sobrante de 1 unidades,18,2026-02-13 05:00:45.137782
621,88119,faltante,1,Faltante de 1 unidades,5,2026-02-13 05:16:51.21553
635,88156,faltante,3,Faltante de 3 unidades,5,2026-02-13 06:29:38.279898
641,88101,faltante,1,Faltante de 1 unidades,5,2026-02-13 06:45:32.793217
642,88142,faltante,4,Faltante de 4 unidades,5,2026-02-13 06:51:56.977005
647,88330,faltante,2,Faltante de 2 unidades,5,2026-02-13 07:59:30.512163
651,88952,faltante,1,Faltante de 1 unidades,5,2026-02-13 10:13:27.42509
656,89866,faltante,2,Faltante de 2 unidades,21,2026-02-13 13:39:47.607491
657,89830,sobrante,1,Sobrante de 1 unidades,21,2026-02-13 13:43:48.378826
664,89592,sobrante,13,Sobrante de 13 unidades,7,2026-02-13 14:00:14.184596
665,89784,sobrante,1,Sobrante de 1 unidades,21,2026-02-13 14:01:55.883293
666,89812,sobrante,1,Sobrante de 1 unidades,21,2026-02-13 14:07:14.956609
667,89874,faltante,1,Faltante de 1 unidades,21,2026-02-13 14:18:23.48102
669,89800,faltante,4,Faltante de 4 unidades,21,2026-02-13 14:28:02.07032
670,90495,sobrante,1,Sobrante de 1 unidades,6,2026-02-13 14:37:52.201851
671,90486,sobrante,2,Sobrante de 2 unidades,6,2026-02-13 14:38:30.329564
673,90517,sobrante,2,Sobrante de 2 unidades,6,2026-02-13 14:39:20.105036
674,89772,faltante,2,Faltante de 2 unidades,21,2026-02-13 14:40:33.854411
676,89862,faltante,3,Faltante de 3 unidades,21,2026-02-13 14:48:29.148712
678,89973,faltante,1,"",21,2026-02-13 14:58:04.044399
679,89973,faltante,1,Faltante de 1 unidades,21,2026-02-13 14:58:04.044403
680,90019,faltante,1,Faltante de 1 unidades,21,2026-02-13 14:59:40.825667
685,89997,faltante,73,Faltante de 73 unidades,21,2026-02-13 15:15:54.365884
686,90010,faltante,9,Faltante de 9 unidades,21,2026-02-13 15:17:05.035587
690,89892,sobrante,5,Sobrante de 5 unidades,21,2026-02-13 16:17:52.643089
691,90121,faltante,9,Faltante de 9 unidades,21,2026-02-13 16:39:03.308318
693,90558,sobrante,1,Sobrante de 1 unidades,14,2026-02-13 20:00:59.522386
694,90586,sobrante,1,Sobrante de 1 unidades,14,2026-02-13 20:02:10.153367
695,90564,sobrante,1,Sobrante de 1 unidades,14,2026-02-13 20:02:45.289023
696,90609,sobrante,1,Sobrante de 1 unidades,14,2026-02-13 20:04:52.955769
699,90824,faltante,1,"",4,2026-02-14 13:29:51.357942
700,90824,faltante,1,Faltante de 1 unidades,4,2026-02-14 13:29:51.357945
710,91345,faltante,72,"",4,2026-02-14 20:49:00.295505
711,91345,faltante,72,Faltante de 72 unidades,4,2026-02-14 20:49:00.295508
712,91358,sobrante,4,sin novedad,4,2026-02-14 20:52:22.905359
713,91358,sobrante,4,Sobrante de 4 unidades,4,2026-02-14 20:52:22.905363
718,91340,sobrante,60,sin novedad,4,2026-02-14 20:56:53.591997
719,91340,faltante,60,Faltante de 60 unidades,4,2026-02-14 20:56:53.592
720,91324,sobrante,1,sin novedad,4,2026-02-14 21:08:14.780697
721,91324,sobrante,1,Sobrante de 1 unidades,4,2026-02-14 21:08:14.780701
724,91035,faltante,1,Faltante de 1 unidades,17,2026-02-14 21:16:50.274747
728,91058,faltante,1,Faltante de 1 unidades,17,2026-02-14 21:38:57.148004
729,91062,sobrante,50,"",17,2026-02-14 21:45:44.51394
730,91026,averia,1,"",17,2026-02-14 22:00:43.870531
731,91146,sobrante,1,sin novedad,17,2026-02-14 22:02:24.845757
1448,116348,averia,1,"",7,2026-03-02 20:00:36.214727
738,91128,faltante,12,Faltante de 12 unidades,17,2026-02-14 23:41:13.385981
739,91172,faltante,596,"",4,2026-02-15 13:14:09.955027
740,91172,faltante,596,Faltante de 596 unidades,4,2026-02-15 13:14:09.955031
1454,116463,averia,1,"",7,2026-03-02 20:33:55.213983
1456,116859,faltante,3,Faltante de 3 unidades,14,2026-03-02 21:50:30.548494
747,91914,faltante,1,sin novedad,4,2026-02-15 14:17:51.832785
748,91914,sobrante,1,sin novedad,4,2026-02-15 14:17:51.832789
749,91914,sobrante,1,Sobrante de 1 unidades,4,2026-02-15 14:17:51.83279
750,92127,faltante,1,sin novedad,4,2026-02-15 14:50:52.134166
753,92089,faltante,1,sin novedad,4,2026-02-15 15:22:43.318582
754,92089,faltante,1,Faltante de 1 unidades,4,2026-02-15 15:22:43.318586
830,94938,faltante,1,Faltante de 1 unidades,6,2026-02-17 18:41:46.795742
757,92258,faltante,3,sin novedad,4,2026-02-15 15:45:43.910754
758,92258,faltante,3,Faltante de 3 unidades,4,2026-02-15 15:45:43.910759
760,92228,faltante,1,"",4,2026-02-15 15:49:22.991967
761,92228,faltante,1,Faltante de 1 unidades,4,2026-02-15 15:49:22.991971
832,94767,sobrante,4,Sobrante de 4 unidades,6,2026-02-17 18:52:36.436251
833,94804,faltante,3,Faltante de 3 unidades,6,2026-02-17 18:53:17.225059
765,92223,faltante,2,Faltante de 2 unidades,4,2026-02-15 16:02:03.782303
766,92392,sobrante,1,Sobrante de 1 unidades,23,2026-02-15 16:46:49.693992
835,94825,averia,1,"",6,2026-02-17 19:10:45.522671
768,92398,faltante,1,Faltante de 1 unidades,23,2026-02-15 16:50:45.990908
770,92416,faltante,1,Faltante de 1 unidades,23,2026-02-15 18:47:32.510183
772,92401,faltante,1,Faltante de 1 unidades,23,2026-02-15 19:14:53.409954
773,92433,sobrante,1,Sobrante de 1 unidades,23,2026-02-15 19:59:24.933749
774,92432,faltante,1,Faltante de 1 unidades,23,2026-02-15 20:00:53.073194
775,92437,faltante,1,Faltante de 1 unidades,23,2026-02-15 20:02:41.795614
781,93095,faltante,6,Faltante de 6 unidades,4,2026-02-17 01:53:46.097373
782,93206,faltante,3,Faltante de 3 unidades,4,2026-02-17 02:07:35.638304
783,93203,faltante,2,Faltante de 2 unidades,4,2026-02-17 02:07:39.321368
787,93918,averia,1,"",4,2026-02-17 04:58:09.293163
788,93855,faltante,1,sin novedad,4,2026-02-17 05:05:06.864562
789,93855,faltante,1,Faltante de 1 unidades,4,2026-02-17 05:05:06.864565
793,93996,sobrante,1,"",4,2026-02-17 06:27:13.430394
794,93996,sobrante,1,Sobrante de 1 unidades,4,2026-02-17 06:27:13.430397
795,94006,sobrante,1,"",4,2026-02-17 06:35:26.158816
796,94006,sobrante,1,Sobrante de 1 unidades,4,2026-02-17 06:35:26.15882
801,94633,sobrante,12,sin novedad,4,2026-02-17 09:34:23.341249
802,94633,sobrante,12,Sobrante de 12 unidades,4,2026-02-17 09:34:23.341254
803,94645,sobrante,1,sin novedad,4,2026-02-17 10:06:49.538005
804,94645,sobrante,1,Sobrante de 1 unidades,4,2026-02-17 10:06:49.538009
853,95153,faltante,2,Faltante de 2 unidades,23,2026-02-17 20:35:47.891582
854,95155,faltante,1,Faltante de 1 unidades,23,2026-02-17 20:35:54.499659
855,95158,faltante,1,Faltante de 1 unidades,23,2026-02-17 20:35:57.955915
856,95157,sobrante,2,Sobrante de 2 unidades,23,2026-02-17 20:36:01.772345
857,95160,faltante,1,Faltante de 1 unidades,23,2026-02-17 20:36:08.563081
860,95692,faltante,1,sin novedad,4,2026-02-18 01:16:18.822786
861,95692,faltante,1,Faltante de 1 unidades,4,2026-02-18 01:16:18.822788
862,95720,faltante,12,Faltante de 12 unidades,4,2026-02-18 01:25:22.51903
863,95640,faltante,12,"",4,2026-02-18 01:26:43.049782
864,95640,faltante,12,Faltante de 12 unidades,4,2026-02-18 01:26:43.049786
865,95752,faltante,10,"",4,2026-02-18 01:27:30.256513
866,95752,faltante,10,Faltante de 10 unidades,4,2026-02-18 01:27:30.256517
875,96143,faltante,1,sin novedad,4,2026-02-18 03:09:17.979964
876,96143,faltante,1,Faltante de 1 unidades,4,2026-02-18 03:09:17.979968
877,96076,faltante,2,sin novedad,4,2026-02-18 03:57:04.592307
878,96076,faltante,2,Faltante de 2 unidades,4,2026-02-18 03:57:04.592311
885,96717,averia,1,"",4,2026-02-18 06:31:32.747103
888,96584,faltante,7,Faltante de 7 unidades,4,2026-02-18 06:34:55.874914
889,96884,faltante,60,sin novedad,4,2026-02-18 07:55:06.304888
890,96884,faltante,60,Faltante de 60 unidades,4,2026-02-18 07:55:06.304892
895,97018,faltante,1,sin novedad,4,2026-02-18 09:05:36.489613
896,97018,faltante,1,Faltante de 1 unidades,4,2026-02-18 09:05:36.489617
902,97219,faltante,1,Faltante de 1 unidades,6,2026-02-18 15:00:02.720148
908,97339,faltante,1,Faltante de 1 unidades,21,2026-02-18 20:05:50.987665
910,97330,faltante,1,Faltante de 1 unidades,21,2026-02-18 20:09:10.227351
911,97340,faltante,3,Faltante de 3 unidades,21,2026-02-18 20:31:54.361236
912,97361,averia,1,"",21,2026-02-18 20:33:41.386217
913,97369,averia,1,"
",21,2026-02-18 20:40:35.370631
915,97346,faltante,3,Faltante de 3 unidades,21,2026-02-18 20:49:01.040978
916,97337,averia,1,"",21,2026-02-18 20:51:01.365937
917,97337,faltante,1,Faltante de 1 unidades,21,2026-02-18 20:51:01.365941
918,97327,faltante,6,Faltante de 6 unidades,21,2026-02-18 20:55:02.669445
921,97569,faltante,4,sin novedad,5,2026-02-19 04:14:14.136529
922,97569,faltante,4,Faltante de 4 unidades,5,2026-02-19 04:14:14.136532
925,97598,faltante,2,"",5,2026-02-19 04:53:15.327118
926,97598,faltante,2,Faltante de 2 unidades,5,2026-02-19 04:53:15.327122
940,98277,faltante,1,Faltante de 1 unidades,5,2026-02-19 08:51:35.91527
942,98343,averia,1,"",5,2026-02-19 10:11:19.318137
943,98287,sobrante,1,Sobrante de 1 unidades,5,2026-02-19 10:22:44.359295
944,98164,averia,1,"",5,2026-02-19 10:23:37.60275
945,98631,faltante,1,Faltante de 1 unidades,3,2026-02-19 14:05:13.786093
946,98635,faltante,1,Faltante de 1 unidades,3,2026-02-19 14:21:10.840243
947,98573,faltante,1,Faltante de 1 unidades,3,2026-02-19 14:28:21.561719
949,99056,faltante,1,Faltante de 1 unidades,3,2026-02-19 16:55:10.296958
954,98969,faltante,12,Faltante de 12 unidades,3,2026-02-19 17:46:21.246526
955,99115,faltante,24,Faltante de 24 unidades,3,2026-02-19 17:48:22.011682
956,99133,faltante,24,Faltante de 24 unidades,3,2026-02-19 17:48:34.28905
957,99042,faltante,24,Faltante de 24 unidades,3,2026-02-19 17:49:23.400282
958,98986,faltante,12,Faltante de 12 unidades,3,2026-02-19 17:49:46.202697
959,98936,faltante,24,Faltante de 24 unidades,3,2026-02-19 17:50:13.182889
960,98918,faltante,24,Faltante de 24 unidades,3,2026-02-19 17:51:35.453008
961,98901,faltante,48,Faltante de 48 unidades,3,2026-02-19 17:58:54.434297
971,100570,sobrante,3,"",5,2026-02-20 07:22:35.937796
976,100266,faltante,25,Faltante de 25 unidades,21,2026-02-20 13:37:46.489299
977,100241,sobrante,1,Sobrante de 1 unidades,21,2026-02-20 13:38:46.308474
978,100344,faltante,32,Faltante de 32 unidades,21,2026-02-20 13:39:06.531791
980,100396,faltante,12,Faltante de 12 unidades,21,2026-02-20 13:42:58.366279
981,100276,faltante,12,Faltante de 12 unidades,21,2026-02-20 13:43:14.353659
983,100305,faltante,24,Faltante de 24 unidades,21,2026-02-20 13:44:35.568108
990,100357,faltante,1,Faltante de 1 unidades,21,2026-02-20 13:51:51.461002
991,100392,faltante,4,Faltante de 4 unidades,21,2026-02-20 13:54:44.923152
1159,106443,faltante,2,Faltante de 2 unidades,6,2026-02-23 21:59:51.583405
1160,106437,sobrante,19,Sobrante de 19 unidades,6,2026-02-23 22:10:05.924844
1161,106496,sobrante,30,Sobrante de 30 unidades,6,2026-02-23 22:11:30.772544
998,100249,sobrante,6,Sobrante de 6 unidades,21,2026-02-20 14:12:13.889165
999,100387,sobrante,12,Sobrante de 12 unidades,21,2026-02-20 14:12:54.806357
1162,106442,faltante,1,Faltante de 1 unidades,6,2026-02-23 22:16:24.261042
1163,106557,faltante,2,Faltante de 2 unidades,6,2026-02-23 22:21:21.521976
1164,106566,faltante,1,Faltante de 1 unidades,6,2026-02-23 22:22:19.11723
1165,106592,sobrante,1,Sobrante de 1 unidades,6,2026-02-23 22:22:23.706401
1166,106457,sobrante,3,Sobrante de 3 unidades,6,2026-02-23 22:25:59.749781
1171,107106,faltante,1,Faltante de 1 unidades,4,2026-02-24 06:48:08.888981
1010,101078,averia,3,sin novedad,7,2026-02-20 14:31:47.529156
1011,100166,faltante,32,Faltante de 32 unidades,21,2026-02-20 14:34:17.330966
1014,101116,sobrante,3,Sobrante de 3 unidades,7,2026-02-20 14:38:48.363124
1176,107972,sobrante,1,sin novedad,3,2026-02-24 13:56:42.206904
1019,101393,averia,1,"",6,2026-02-20 14:48:50.464393
1178,107912,faltante,3,Faltante de 3 unidades,14,2026-02-24 14:46:29.427641
1023,101327,averia,1,"",6,2026-02-20 14:55:02.967927
1024,100533,sobrante,2,2 faltante,21,2026-02-20 14:57:11.736236
1025,100533,averia,2,2 faltante,21,2026-02-20 14:57:11.736239
1026,100416,averia,1,1 faltante,21,2026-02-20 15:00:27.428911
1030,101035,faltante,2,Faltante de 2 unidades,4,2026-02-20 15:08:35.565468
1035,101033,sobrante,1,Sobrante de 1 unidades,4,2026-02-20 15:38:47.902691
1036,101353,sobrante,1,Sobrante de 1 unidades,6,2026-02-20 15:53:35.932296
1037,101217,averia,1,"",6,2026-02-20 15:55:29.880364
1038,101592,faltante,3,Faltante de 3 unidades,4,2026-02-20 16:05:25.887455
1039,101486,faltante,1,"",4,2026-02-20 16:05:56.586748
1040,101486,faltante,1,Faltante de 1 unidades,4,2026-02-20 16:05:56.586751
1041,101214,averia,1,sin novedad,6,2026-02-20 16:08:29.814077
1042,101604,faltante,2,sin novedad,4,2026-02-20 16:11:34.655348
1043,101604,faltante,2,Faltante de 2 unidades,4,2026-02-20 16:11:34.655352
1045,100350,faltante,24,Faltante de 24 unidades,21,2026-02-20 16:30:36.859893
1189,107941,faltante,8,Faltante de 8 unidades,14,2026-02-24 14:57:14.962481
1049,101703,sobrante,1,sin novedad,4,2026-02-20 17:05:47.906606
1050,101703,sobrante,1,Sobrante de 1 unidades,4,2026-02-20 17:05:47.90661
1051,101482,faltante,2,Faltante de 2 unidades,4,2026-02-20 17:37:38.870082
1052,101931,sobrante,11,"",4,2026-02-20 19:44:15.909663
1053,101931,sobrante,11,Sobrante de 11 unidades,4,2026-02-20 19:44:15.909667
1054,101940,sobrante,2,Sobrante de 2 unidades,14,2026-02-20 21:17:51.257224
1057,102614,faltante,24,Faltante de 24 unidades,21,2026-02-21 15:00:54.165074
1058,102676,faltante,12,Faltante de 12 unidades,21,2026-02-21 15:01:22.595781
1194,107940,faltante,5,Faltante de 5 unidades,14,2026-02-24 14:57:43.408443
1060,102570,faltante,12,Faltante de 12 unidades,21,2026-02-21 15:01:54.893325
1061,102602,averia,1,sin novedad,21,2026-02-21 15:04:44.989705
1062,102657,faltante,24,Faltante de 24 unidades,21,2026-02-21 15:04:59.488716
1066,102420,sobrante,3,Sobrante de 3 unidades,21,2026-02-21 15:53:03.461588
1068,102659,sobrante,12,Sobrante de 12 unidades,21,2026-02-21 16:51:42.832558
1069,103640,faltante,6,Faltante de 6 unidades,21,2026-02-21 16:53:16.823804
1070,103147,averia,1,"",14,2026-02-21 17:17:01.726744
1071,103461,faltante,2,Faltante de 2 unidades,21,2026-02-21 17:53:04.267613
1199,107931,faltante,4,Faltante de 4 unidades,14,2026-02-24 14:58:10.283714
1201,107937,faltante,1,Faltante de 1 unidades,14,2026-02-24 14:58:26.007329
1076,102350,sobrante,10,Sobrante de 10 unidades,21,2026-02-21 19:14:19.106014
1077,102951,sobrante,8,Sobrante de 8 unidades,14,2026-02-21 19:44:03.870664
1078,104012,faltante,3,"",4,2026-02-21 21:43:10.339692
1079,104012,sobrante,3,Sobrante de 3 unidades,4,2026-02-21 21:43:10.339695
1080,104074,sobrante,12,Sobrante de 12 unidades,4,2026-02-21 21:45:03.422781
1081,104106,averia,1,"",4,2026-02-21 22:33:33.383126
1082,104137,averia,1,"",4,2026-02-21 22:36:17.813118
1203,107945,faltante,1,Faltante de 1 unidades,14,2026-02-24 14:58:42.48019
1206,107923,faltante,2,Faltante de 2 unidades,14,2026-02-24 14:58:50.137674
1208,107936,faltante,1,Faltante de 1 unidades,14,2026-02-24 14:58:55.367318
1210,108091,faltante,2,Faltante de 2 unidades,23,2026-02-24 15:49:47.45939
1212,109355,fecha_corta,1,03/04/2026,23,2026-02-24 18:11:00.476601
1218,108646,faltante,4,Faltante de 4 unidades,7,2026-02-24 18:39:45.867385
1220,108718,faltante,1,Faltante de 1 unidades,7,2026-02-24 18:46:19.371431
1101,104235,sobrante,1,sin novedad,3,2026-02-22 02:15:55.646903
1221,109266,fecha_corta,1,"10/04/2026
Fue subsanado por el jefe de tienda Sebastian Cardenal por otro que vencia en agosto",23,2026-02-24 18:53:50.437145
1223,108992,sobrante,1,Sobrante de 1 unidades,7,2026-02-24 19:20:09.254302
1224,108999,faltante,10,Faltante de 10 unidades,7,2026-02-24 19:21:04.466427
1225,108941,sobrante,1,Sobrante de 1 unidades,7,2026-02-24 19:25:58.643614
1107,104819,faltante,1,Faltante de 1 unidades,3,2026-02-22 04:36:35.456599
1108,104972,faltante,1,Faltante de 1 unidades,3,2026-02-22 06:01:40.237602
1109,105005,sobrante,1,Sobrante de 1 unidades,3,2026-02-22 06:03:36.072186
1112,104558,faltante,9,Faltante de 9 unidades,3,2026-02-22 06:16:45.511112
1113,105090,sobrante,2,Sobrante de 2 unidades,3,2026-02-22 06:50:20.285013
1228,109729,faltante,1,Faltante de 1 unidades,7,2026-02-24 21:29:22.58834
1229,109706,faltante,2,sin novedad,3,2026-02-24 21:31:52.788026
1230,109706,faltante,2,Faltante de 2 unidades,3,2026-02-24 21:31:52.788029
1117,105369,sobrante,1,sin novedad,4,2026-02-23 07:13:38.362907
1118,105369,sobrante,1,Sobrante de 1 unidades,4,2026-02-23 07:13:38.362911
1119,105455,sobrante,1,sin novedad,4,2026-02-23 07:19:02.686008
1120,105455,sobrante,1,Sobrante de 1 unidades,4,2026-02-23 07:19:02.686012
1121,105414,sobrante,1,"",4,2026-02-23 07:28:31.324059
1122,105414,sobrante,1,Sobrante de 1 unidades,4,2026-02-23 07:28:31.324064
1239,109590,faltante,1,Faltante de 1 unidades,7,2026-02-24 22:05:13.899729
1132,105567,faltante,1,Faltante de 1 unidades,4,2026-02-23 08:49:47.352564
1240,109994,averia,1,sin novedad,8,2026-02-24 22:32:43.664656
1134,105756,faltante,1,Faltante de 1 unidades,4,2026-02-23 10:02:59.128913
1245,110024,faltante,1,"",8,2026-02-24 23:10:27.74881
1247,109521,faltante,5,sin novedad,3,2026-02-24 23:18:39.894477
1248,109521,faltante,5,Faltante de 5 unidades,3,2026-02-24 23:18:39.894482
1251,110185,averia,1,sin novedad,6,2026-02-25 14:13:15.13878
1315,110788,averia,1,sin novedad,6,2026-02-25 17:37:03.370053
1316,110617,averia,1,sin novedad,6,2026-02-25 17:52:56.566389
1333,111344,sobrante,1,"",22,2026-02-25 18:35:25.29937
1365,112113,sobrante,1,"",4,2026-02-26 19:35:28.080096
1445,115676,sobrante,1,Sobrante de 1 unidades,7,2026-03-02 18:41:23.87363
1455,116392,faltante,2,Faltante de 2 unidades,5,2026-03-02 20:34:56.390508
1258,110953,sobrante,24,Sobrante de 24 unidades,7,2026-02-25 14:21:13.906024
1471,117494,sobrante,1,sin novedad,4,2026-03-03 04:55:20.277626
1472,117494,sobrante,1,Sobrante de 1 unidades,4,2026-03-03 04:55:20.27763
1476,117693,faltante,10,Faltante de 10 unidades,4,2026-03-03 07:23:09.992816
1480,118169,sobrante,1,Sobrante de 1 unidades,7,2026-03-03 13:53:39.732115
1484,118658,averia,1,sin novedad,22,2026-03-03 14:40:00.753421
1491,118257,sobrante,2,sin novedad,14,2026-03-03 15:04:43.164327
2698,141226,faltante,5,Faltante de 5 unidades,4,2026-03-16 01:02:56.753352
2708,141365,sobrante,7,"",4,2026-03-16 04:36:59.124268
1506,118547,faltante,2,"",22,2026-03-03 15:27:43.243696
2709,141365,sobrante,7,Sobrante de 7 unidades,4,2026-03-16 04:36:59.124272
1515,118003,faltante,2,Faltante de 2 unidades,7,2026-03-03 16:06:59.802235
1518,118315,averia,1,"",22,2026-03-03 16:11:54.38726
2718,141416,faltante,1,Faltante de 1 unidades,4,2026-03-16 05:29:25.968141
1525,117987,sobrante,1,Sobrante de 1 unidades,7,2026-03-03 16:46:23.333287
1528,117886,faltante,1,Faltante de 1 unidades,7,2026-03-03 17:05:44.642332
1531,117894,sobrante,3,Sobrante de 3 unidades,7,2026-03-03 17:42:52.291088
2721,141377,sobrante,16,Sobrante de 16 unidades,4,2026-03-16 05:42:18.765497
1537,118887,averia,1,sin novedad,22,2026-03-03 18:49:04.257148
1538,118786,averia,3,"",22,2026-03-03 18:53:49.920749
1541,118680,averia,1,"",22,2026-03-03 19:16:11.14829
1545,118784,averia,1,"",22,2026-03-03 19:38:03.789618
2367,128126,sobrante,1,Sobrante de 1 unidades,5,2026-03-10 06:15:23.676354
1549,118712,averia,6,"",22,2026-03-03 20:16:15.749567
2370,128327,sobrante,1,Sobrante de 1 unidades,5,2026-03-10 07:52:08.806342
1562,119131,faltante,1,Faltante de 1 unidades,7,2026-03-03 20:58:01.16046
1298,110187,faltante,1,Faltante de 1 unidades,6,2026-02-25 16:03:24.633247
1565,119246,faltante,2,Faltante de 2 unidades,7,2026-03-03 21:11:56.514335
1300,110320,sobrante,1,Sobrante de 1 unidades,6,2026-02-25 16:07:03.857991
1301,110223,averia,1,sin novedad,6,2026-02-25 16:07:26.345735
1302,110208,faltante,1,Faltante de 1 unidades,6,2026-02-25 16:08:25.692624
1577,120058,averia,1,"",4,2026-03-04 03:39:20.712953
1586,118534,faltante,1,sin novedad,22,2026-03-04 13:55:04.544056
1589,118644,faltante,3,sin novedad,22,2026-03-04 14:20:01.351768
2374,128662,averia,1,sin novedad,5,2026-03-10 11:34:41.594001
1595,120763,faltante,1,Faltante de 1 unidades,7,2026-03-04 15:59:26.235356
1604,118838,faltante,1,Faltante de 1 unidades,22,2026-03-04 17:05:12.542243
1607,120881,faltante,1,Faltante de 1 unidades,7,2026-03-04 17:23:31.795545
1610,120806,sobrante,6,Sobrante de 6 unidades,7,2026-03-04 17:56:23.643161
1318,110621,faltante,1,Faltante de 1 unidades,6,2026-02-25 18:01:07.542298
2381,129035,faltante,6,Faltante de 6 unidades,6,2026-03-10 15:32:03.540195
1324,110398,sobrante,1,Sobrante de 1 unidades,6,2026-02-25 18:13:39.844803
1326,110529,faltante,1,Faltante de 1 unidades,6,2026-02-25 18:15:02.081429
1327,110325,faltante,1,Faltante de 1 unidades,6,2026-02-25 18:15:16.954313
1671,122129,sobrante,1,sin novedad,4,2026-03-05 06:08:34.759192
1672,122129,sobrante,1,Sobrante de 1 unidades,4,2026-03-05 06:08:34.759195
1331,110255,faltante,1,Faltante de 1 unidades,6,2026-02-25 18:30:38.414789
1332,110393,sobrante,1,Sobrante de 1 unidades,6,2026-02-25 18:30:57.127849
2736,142442,faltante,3,Faltante de 3 unidades,7,2026-03-16 16:10:52.626652
2737,142372,faltante,21,Faltante de 21 unidades,5,2026-03-16 16:12:19.280418
1707,123452,faltante,9,Faltante de 9 unidades,4,2026-03-06 01:47:40.202868
1709,124159,faltante,1,Faltante de 1 unidades,4,2026-03-06 06:40:42.078847
2746,143066,faltante,1,Faltante de 1 unidades,5,2026-03-16 22:25:34.398125
2404,130310,sobrante,10,Sobrante de 10 unidades,5,2026-03-11 00:32:19.309847
2748,142901,faltante,64,Faltante de 64 unidades,7,2026-03-16 22:30:27.645833
1756,127351,faltante,1,Faltante de 1 unidades,23,2026-03-09 14:48:20.057004
2751,142868,faltante,4,Faltante de 4 unidades,7,2026-03-16 22:33:33.787339
2752,142874,faltante,60,Faltante de 60 unidades,7,2026-03-16 22:34:36.467328
2753,143033,faltante,24,Faltante de 24 unidades,7,2026-03-16 22:35:33.624673
2755,142917,faltante,21,Faltante de 21 unidades,7,2026-03-16 22:37:17.890045
2756,142869,faltante,12,Faltante de 12 unidades,5,2026-03-16 22:38:27.03032
2419,130806,averia,1,sin novedad,5,2026-03-11 06:49:59.593131
2758,142824,faltante,20,Faltante de 20 unidades,7,2026-03-16 22:44:23.918185
2422,130385,faltante,9,Faltante de 9 unidades,5,2026-03-11 07:39:12.05879
2429,130925,averia,1,SUPERVISOR DANIEL LA SUBSANO,5,2026-03-11 09:52:59.032783
2430,130986,averia,1,EL SUPERVISOR DANIEL SUBSANO LA AVERIA,5,2026-03-11 09:53:36.156295
2763,142888,averia,2,sin novedad,5,2026-03-16 23:03:05.125462
2436,131683,averia,1,"",6,2026-03-11 14:38:43.554561
2442,132070,averia,1,"",21,2026-03-11 15:05:26.034124
2443,132108,averia,1,"",21,2026-03-11 15:05:39.946599
2447,132175,sobrante,70,Sobrante de 70 unidades,21,2026-03-11 15:11:57.686173
2448,131726,averia,1,"",21,2026-03-11 15:14:40.727013
2453,132439,faltante,2,Faltante de 2 unidades,4,2026-03-11 17:39:43.357584
2769,143364,averia,1,"",4,2026-03-17 04:54:01.033922
2771,144106,faltante,1,Faltante de 1 unidades,4,2026-03-17 09:02:34.475954
2779,145167,averia,1,sin novedad,5,2026-03-17 21:38:35.59983
2496,133809,faltante,36,el supervisor daniel  subsano las 36 unidades faltantes,5,2026-03-12 04:16:08.01779
2499,134002,faltante,15,Faltante de 15 unidades,5,2026-03-12 05:12:00.300001
2507,134097,sobrante,1,Sobrante de 1 unidades,5,2026-03-12 06:20:36.907209
2520,135096,faltante,1,sin novedad,4,2026-03-12 13:33:56.931263
2521,135096,faltante,1,Faltante de 1 unidades,4,2026-03-12 13:33:56.931267
2524,135051,faltante,2,sin novedad,4,2026-03-12 13:41:52.523307
2525,135051,faltante,2,Faltante de 2 unidades,4,2026-03-12 13:41:52.52331
2026,127913,sobrante,19,Sobrante de 19 unidades,23,2026-03-09 19:11:06.189235
2562,136826,faltante,3,Faltante de 3 unidades,5,2026-03-13 05:15:09.63275
2563,136844,faltante,5,Faltante de 5 unidades,5,2026-03-13 05:15:56.118155
2593,137884,averia,1,Se va a montar por calidad ya que la manija está muy susceptible. ,23,2026-03-13 14:54:46.552077
2596,137824,averia,5,1 manillas rota y 4 con la manija cedida,23,2026-03-13 15:40:00.107832
2602,138738,faltante,12,Faltante de 12 unidades,4,2026-03-13 20:23:59.136616
2609,138519,sobrante,1,Sobrante de 1 unidades,7,2026-03-13 20:45:27.268929
2633,138965,faltante,2,Faltante de 2 unidades,5,2026-03-14 03:51:35.352468
2636,138949,sobrante,1,Sobrante de 1 unidades,5,2026-03-14 04:01:59.515849
2668,139431,sobrante,1,Sobrante de 1 unidades,5,2026-03-14 08:20:54.069373
2675,139587,faltante,1,Faltante de 1 unidades,5,2026-03-14 09:54:58.46597
2676,139594,faltante,2,Faltante de 2 unidades,5,2026-03-14 09:55:07.340679
1334,111344,sobrante,1,Sobrante de 1 unidades,22,2026-02-25 18:35:25.299374
1446,115080,sobrante,1,Sobrante de 1 unidades,5,2026-03-02 18:51:17.092774
1452,116290,faltante,50,Faltante de 50 unidades,7,2026-03-02 20:14:23.377041
2335,127559,averia,1,"",23,2026-03-09 21:26:00.617531
2336,127547,averia,1,"",23,2026-03-09 21:26:26.152406
2337,127412,averia,1,"",23,2026-03-09 21:26:53.476753
2682,140088,faltante,26,Faltante de 26 unidades,16,2026-03-14 18:55:50.483661
1342,110385,faltante,1,Faltante de 1 unidades,28,2026-02-25 19:08:08.194697
1344,110381,faltante,1,Faltante de 1 unidades,28,2026-02-25 19:11:28.850137
2365,128029,sobrante,20,Sobrante de 20 unidades,5,2026-03-10 05:26:51.546131
2690,140790,sobrante,1,sin novedad,4,2026-03-15 04:13:39.671162
2691,140790,sobrante,1,Sobrante de 1 unidades,4,2026-03-15 04:13:39.671165
2383,129062,faltante,1,Faltante de 1 unidades,6,2026-03-10 15:34:39.094296
1504,118537,faltante,1,"",22,2026-03-03 15:26:59.401542
2701,141156,faltante,3,Faltante de 3 unidades,4,2026-03-16 01:37:06.823701
1516,118002,faltante,4,Faltante de 4 unidades,7,2026-03-03 16:07:30.323765
1519,117934,faltante,1,Faltante de 1 unidades,7,2026-03-03 16:12:48.806492
1522,118301,averia,2,Provocadaa por axiliar ,22,2026-03-03 16:18:23.216025
1526,118698,sobrante,1,sin novedad,22,2026-03-03 16:49:16.353851
1362,111504,averia,1,sin novedad,6,2026-02-26 19:19:26.368563
1363,111501,averia,1,sin novedad,6,2026-02-26 19:21:04.369998
1364,111475,faltante,1,Faltante de 1 unidades,6,2026-02-26 19:27:54.674604
1532,118037,sobrante,1,Sobrante de 1 unidades,7,2026-03-03 17:44:13.497799
1535,118733,averia,1,sin novedad,22,2026-03-03 18:34:53.443969
1546,118868,averia,1,"",22,2026-03-03 19:43:46.825402
1550,118653,averia,1,sin novedad,22,2026-03-03 20:16:56.535482
1556,119219,faltante,2,Faltante de 2 unidades,5,2026-03-03 20:33:08.228017
1560,119257,faltante,3,Faltante de 3 unidades,5,2026-03-03 20:47:50.985852
1563,119281,sobrante,1,Sobrante de 1 unidades,7,2026-03-03 21:01:29.07735
1566,119252,faltante,1,Faltante de 1 unidades,5,2026-03-03 21:15:49.412463
1569,119543,faltante,3,Faltante de 3 unidades,6,2026-03-03 22:03:04.253965
1571,119529,faltante,1,Faltante de 1 unidades,6,2026-03-03 22:18:36.223346
1590,118322,faltante,1,sin novedad,22,2026-03-04 14:22:11.620213
1593,118827,sobrante,3,sin novedad,22,2026-03-04 14:46:24.601067
2432,131992,sobrante,1,Sobrante de 1 unidades,21,2026-03-11 14:13:15.064966
2437,131643,averia,1,sin novedad,6,2026-03-11 14:39:30.081566
1602,118866,sobrante,6,Sobrante de 6 unidades,22,2026-03-04 17:04:48.195052
2438,131676,averia,1,"",6,2026-03-11 14:40:18.518469
2439,131427,averia,1,sin novedad,4,2026-03-11 14:53:05.019548
1611,120805,sobrante,15,Sobrante de 15 unidades,7,2026-03-04 17:57:23.322888
2440,131427,faltante,1,Faltante de 1 unidades,4,2026-03-11 14:53:05.019551
2444,131784,averia,2,"",21,2026-03-11 15:06:01.389524
2445,131782,averia,1,"",21,2026-03-11 15:06:36.995896
2745,143002,faltante,12,Faltante de 12 unidades,7,2026-03-16 22:24:31.861734
1673,122181,sobrante,2,"",4,2026-03-05 06:09:56.639512
1674,122181,sobrante,2,Sobrante de 2 unidades,4,2026-03-05 06:09:56.639516
1676,122283,faltante,1,Faltante de 1 unidades,4,2026-03-05 06:15:42.062465
2454,132354,sobrante,1,"",4,2026-03-11 17:56:54.420948
2455,132354,sobrante,1,Sobrante de 1 unidades,4,2026-03-11 17:56:54.420951
2749,142986,faltante,8,Faltante de 8 unidades,5,2026-03-16 22:30:30.567051
2462,132863,faltante,2,Faltante de 2 unidades,4,2026-03-11 20:10:52.979648
2754,142921,faltante,12,Faltante de 12 unidades,7,2026-03-16 22:36:26.312711
2757,143067,faltante,10,Faltante de 10 unidades,7,2026-03-16 22:43:32.479576
2759,143062,faltante,120,Faltante de 120 unidades,7,2026-03-16 22:45:06.768225
2761,143085,faltante,32,Faltante de 32 unidades,5,2026-03-16 22:48:22.219622
2762,143095,faltante,8,Faltante de 8 unidades,7,2026-03-16 22:49:08.948422
2482,133673,sobrante,8,Sobrante de 8 unidades,5,2026-03-12 02:07:48.865675
2484,133710,faltante,20,Faltante de 20 unidades,5,2026-03-12 02:13:30.02995
2765,143274,faltante,12,Faltante de 12 unidades,4,2026-03-17 03:50:48.118821
2492,133775,faltante,2,Faltante de 2 unidades,5,2026-03-12 04:10:10.975364
2494,133826,faltante,3,Faltante de 3 unidades,5,2026-03-12 04:12:58.199587
2773,144359,sobrante,2,"",14,2026-03-17 14:46:39.972843
2774,144670,faltante,1,Faltante de 1 unidades,5,2026-03-17 16:02:22.451047
2775,144973,sobrante,1,Sobrante de 1 unidades,5,2026-03-17 19:08:38.501865
2776,145179,faltante,1,Faltante de 1 unidades,5,2026-03-17 21:16:05.931702
2511,134284,sobrante,1,Sobrante de 1 unidades,5,2026-03-12 07:59:12.949671
2513,135148,faltante,1,sin novedad,4,2026-03-12 13:13:24.192016
2514,135148,faltante,1,Faltante de 1 unidades,4,2026-03-12 13:13:24.19202
2522,135113,faltante,1,sin novedad,4,2026-03-12 13:36:50.13048
2523,135113,faltante,1,Faltante de 1 unidades,4,2026-03-12 13:36:50.130484
2526,135771,sobrante,1,sin novedad,4,2026-03-12 14:49:37.632244
2527,135771,sobrante,1,Sobrante de 1 unidades,4,2026-03-12 14:49:37.632249
2528,135656,averia,1,sin novedad,22,2026-03-12 15:34:54.661977
2784,145336,faltante,1,"",4,2026-03-18 04:42:21.976509
2538,136356,averia,1,"",4,2026-03-12 19:46:03.919292
2539,136347,faltante,5,Faltante de 5 unidades,4,2026-03-12 19:50:44.753042
2785,145336,faltante,1,Faltante de 1 unidades,4,2026-03-18 04:42:21.976513
2786,145376,faltante,1,Faltante de 1 unidades,4,2026-03-18 04:52:16.074213
2788,145617,faltante,1,"",4,2026-03-18 06:21:23.684923
2544,136443,sobrante,1,sin novedad,4,2026-03-12 21:54:03.371397
2545,136443,sobrante,1,Sobrante de 1 unidades,4,2026-03-12 21:54:03.371402
2789,145617,sobrante,1,Sobrante de 1 unidades,4,2026-03-18 06:21:23.684927
2549,136676,sobrante,2,Sobrante de 2 unidades,5,2026-03-13 01:51:07.962268
2790,145649,sobrante,1,sin novedad,4,2026-03-18 06:23:22.077894
2791,145649,sobrante,1,Sobrante de 1 unidades,4,2026-03-18 06:23:22.077898
2794,145660,sobrante,1,sin novedad,4,2026-03-18 06:31:29.727277
2795,145660,sobrante,1,Sobrante de 1 unidades,4,2026-03-18 06:31:29.727281
2558,136560,faltante,3,Faltante de 3 unidades,5,2026-03-13 05:12:25.809936
2559,136670,faltante,30,Faltante de 30 unidades,5,2026-03-13 05:13:05.154287
2568,136953,faltante,5,Faltante de 5 unidades,5,2026-03-13 05:57:56.980757
2576,137161,averia,1,"",5,2026-03-13 08:56:44.396588
2589,137689,averia,1,sin novedad,23,2026-03-13 14:17:46.777899
2592,137945,sobrante,1,sin novedad,14,2026-03-13 14:43:45.843243
2610,138409,faltante,12,Faltante de 12 unidades,4,2026-03-13 21:00:55.221989
2612,138462,sobrante,1,Sobrante de 1 unidades,7,2026-03-13 21:05:11.13849
2637,138936,sobrante,5,Sobrante de 5 unidades,5,2026-03-14 04:10:48.767942
2647,139360,sobrante,4,Sobrante de 4 unidades,5,2026-03-14 06:39:52.04546
2657,139411,faltante,2,Faltante de 2 unidades,5,2026-03-14 07:05:57.499878
2664,139277,faltante,2,Faltante de 2 unidades,5,2026-03-14 07:39:35.978319
2671,139219,averia,1,sin novedad,5,2026-03-14 08:32:55.670465
2674,139597,faltante,2,Faltante de 2 unidades,5,2026-03-14 09:54:51.692894
1366,112113,sobrante,1,Sobrante de 1 unidades,4,2026-02-26 19:35:28.080099
1447,115479,sobrante,1,Sobrante de 1 unidades,7,2026-03-02 19:26:59.658818
1453,116469,sobrante,1,Sobrante de 1 unidades,7,2026-03-02 20:19:07.946676
1369,111567,faltante,1,Faltante de 1 unidades,6,2026-02-26 19:40:37.149523
1370,111569,sobrante,1,Sobrante de 1 unidades,6,2026-02-26 19:45:57.727519
2683,140276,faltante,10,Faltante de 10 unidades,16,2026-03-14 19:06:27.932565
1375,111610,averia,1,incoompleta ,6,2026-02-26 20:07:32.348896
1478,117727,faltante,5,Faltante de 5 unidades,4,2026-03-03 08:00:37.026772
2354,127890,faltante,1,Faltante de 1 unidades,6,2026-03-09 22:30:03.549711
2720,141544,faltante,2,Faltante de 2 unidades,4,2026-03-16 05:32:23.537731
1381,112670,sobrante,1,sin novedad,22,2026-02-28 17:21:21.050499
1382,112670,sobrante,1,Sobrante de 1 unidades,22,2026-02-28 17:21:21.050504
1383,112682,sobrante,1,sin novedad,22,2026-02-28 17:22:54.712973
1384,112682,sobrante,1,Sobrante de 1 unidades,22,2026-02-28 17:22:54.712978
2742,142158,faltante,12,Faltante de 12 unidades,5,2026-03-16 16:42:11.828504
2378,128966,sobrante,1,Sobrante de 1 unidades,6,2026-03-10 15:02:02.236317
1493,118300,averia,1,Provocado por axiliar ,22,2026-03-03 15:10:39.464012
1389,113081,sobrante,4,sin novedad,4,2026-03-02 02:01:57.991568
1390,113081,sobrante,4,Sobrante de 4 unidades,4,2026-03-02 02:01:57.991571
1502,118048,faltante,1,Faltante de 1 unidades,7,2026-03-03 15:24:49.964044
1394,113376,sobrante,1,"",4,2026-03-02 03:43:10.404235
1395,113376,sobrante,1,Sobrante de 1 unidades,4,2026-03-02 03:43:10.404239
1397,114203,faltante,1,Faltante de 1 unidades,5,2026-03-02 13:14:03.994142
2415,130482,sobrante,1,Sobrante de 1 unidades,5,2026-03-11 05:13:27.86071
1514,117937,faltante,1,Faltante de 1 unidades,7,2026-03-03 16:06:02.693483
1517,118291,averia,1,"",22,2026-03-03 16:11:17.225765
1403,114792,averia,2,"",21,2026-03-02 13:25:05.115025
1523,118012,sobrante,1,Sobrante de 1 unidades,7,2026-03-03 16:18:56.977077
1405,114397,faltante,1,Faltante de 1 unidades,7,2026-03-02 13:36:22.885054
1406,114391,faltante,12,Faltante de 12 unidades,7,2026-03-02 13:37:44.479784
1407,114419,faltante,2,Faltante de 2 unidades,5,2026-03-02 13:39:38.815655
1527,118297,averia,1,sin novedad,22,2026-03-03 16:55:42.168261
1543,118891,averia,2,"",22,2026-03-03 19:34:59.060044
1415,114410,faltante,20,Faltante de 20 unidades,7,2026-03-02 14:02:53.024998
1416,114771,averia,1,sin novedad,21,2026-03-02 14:26:47.339667
1417,114904,sobrante,1,"",21,2026-03-02 14:38:55.311033
1418,114933,sobrante,2,"",21,2026-03-02 14:40:39.414558
1419,114929,sobrante,1,"",21,2026-03-02 14:41:25.717444
1420,114879,sobrante,1,"",21,2026-03-02 14:41:41.593056
1544,118715,averia,1,sin novedad,22,2026-03-03 19:35:18.317228
1547,118630,averia,1,"",22,2026-03-03 20:00:50.639234
2441,132139,averia,1,sin novedad,21,2026-03-11 15:00:54.377003
1425,114828,sobrante,2,sin novedad,21,2026-03-02 16:09:17.407034
1426,115314,averia,1,"",7,2026-03-02 16:19:56.118542
2446,131968,faltante,6,Faltante de 6 unidades,21,2026-03-11 15:09:42.105537
1557,119175,sobrante,4,Sobrante de 4 unidades,7,2026-03-03 20:36:24.621337
1429,114633,averia,3,"",21,2026-03-02 16:21:30.665356
1564,119275,faltante,1,Faltante de 1 unidades,5,2026-03-03 21:09:51.418757
1572,119477,averia,1,sin novedad,6,2026-03-03 22:25:24.256918
1434,114738,faltante,23,Faltante de 23 unidades,21,2026-03-02 16:34:51.228997
1435,114685,faltante,20,Faltante de 20 unidades,21,2026-03-02 16:35:54.75878
1573,119597,faltante,4,Faltante de 4 unidades,6,2026-03-03 22:25:31.268758
1438,115588,faltante,1,Faltante de 1 unidades,7,2026-03-02 16:57:42.487598
1574,119741,sobrante,1,"",4,2026-03-04 01:46:45.433229
1441,115672,averia,1,sin novedad,7,2026-03-02 17:12:43.920675
1575,119741,sobrante,1,Sobrante de 1 unidades,4,2026-03-04 01:46:45.433232
1443,115632,averia,2,"",7,2026-03-02 17:20:18.899661
2474,132791,averia,1,sin novedad,23,2026-03-11 21:04:06.909226
1582,120648,faltante,3,sin novedad,4,2026-03-04 10:37:02.739998
1583,120648,faltante,3,Faltante de 3 unidades,4,2026-03-04 10:37:02.740002
1584,118345,averia,2,sin novedad,22,2026-03-04 13:47:09.684142
2477,133195,faltante,1,Faltante de 1 unidades,4,2026-03-11 21:27:36.633898
1588,118536,sobrante,1,sin novedad,22,2026-03-04 14:05:05.542736
1591,118442,sobrante,1,sin novedad,22,2026-03-04 14:26:31.560386
1594,121282,sobrante,1,Sobrante de 1 unidades,7,2026-03-04 15:36:22.432456
1609,120830,sobrante,16,Sobrante de 16 unidades,7,2026-03-04 17:55:46.082346
1612,121557,averia,1,"",18,2026-03-04 18:20:24.220054
1613,121561,sobrante,1,Sobrante de 1 unidades,18,2026-03-04 18:21:07.667593
1614,121571,faltante,1,Faltante de 1 unidades,18,2026-03-04 18:21:36.415656
1615,121566,vencido,1,2/1/2026,18,2026-03-04 18:22:26.868549
1616,121587,fecha_corta,2,10-04-2026,18,2026-03-04 18:25:03.098985
1617,121558,averia,1,"",18,2026-03-04 18:25:52.858275
1618,121564,averia,2,"",18,2026-03-04 18:27:29.775279
1619,121564,faltante,1,Faltante de 1 unidades,18,2026-03-04 18:27:29.775283
1620,121596,fecha_corta,2,"20-03-2026 
04-03-2026",18,2026-03-04 18:31:58.652322
1621,121596,faltante,2,Faltante de 2 unidades,18,2026-03-04 18:31:58.652326
1622,121565,faltante,2,Faltante de 2 unidades,18,2026-03-04 18:33:05.212964
1623,121567,faltante,3,Faltante de 3 unidades,18,2026-03-04 18:33:08.275287
1624,121776,sobrante,1,Sobrante de 1 unidades,6,2026-03-04 20:39:20.313228
1625,121780,averia,1,sin novedad,6,2026-03-04 20:40:54.260956
1626,121774,averia,1,"",6,2026-03-04 20:45:07.960991
1656,122149,sobrante,1,sin novedad,4,2026-03-05 05:55:26.257845
1657,122149,sobrante,1,Sobrante de 1 unidades,4,2026-03-05 05:55:26.257848
1658,122248,sobrante,1,"",4,2026-03-05 05:56:30.373094
1659,122248,sobrante,1,Sobrante de 1 unidades,4,2026-03-05 05:56:30.373098
1660,122202,sobrante,1,Sobrante de 1 unidades,4,2026-03-05 05:56:49.042698
2002,127911,sobrante,2,Sobrante de 2 unidades,23,2026-03-09 19:02:12.370687
1688,123224,faltante,1,Faltante de 1 unidades,6,2026-03-05 22:41:26.43541
2006,127912,sobrante,3,Sobrante de 3 unidades,23,2026-03-09 19:02:45.739146
1696,123149,faltante,1,Faltante de 1 unidades,6,2026-03-05 23:25:23.896421
1703,123305,sobrante,3,Sobrante de 3 unidades,4,2026-03-06 01:19:52.855902
1708,123745,faltante,1,Faltante de 1 unidades,4,2026-03-06 05:33:14.339443
1710,123892,faltante,2,Faltante de 2 unidades,4,2026-03-06 07:30:17.437587
1711,124228,faltante,1,"",14,2026-03-06 14:47:27.664644
1712,124212,sobrante,3,"",14,2026-03-06 14:49:51.264076
1714,124211,faltante,1,"",14,2026-03-06 14:51:35.374218
1715,124229,faltante,1,"",14,2026-03-06 14:53:18.176544
1716,124209,sobrante,1,sin novedad,14,2026-03-06 14:54:41.497995
1717,124216,sobrante,3,sin novedad,14,2026-03-06 14:55:23.450171
1719,124219,faltante,1,"",14,2026-03-06 15:00:45.326575
1720,124304,averia,1,"",22,2026-03-06 18:23:49.982547
1737,125150,sobrante,1,sin novedad,4,2026-03-07 03:41:03.51295
1738,125150,sobrante,1,Sobrante de 1 unidades,4,2026-03-07 03:41:03.512954
1743,125759,faltante,2,Faltante de 2 unidades,4,2026-03-08 00:45:26.085517
2796,146000,sobrante,6,sin novedad,4,2026-03-18 08:02:44.437922
2797,146000,sobrante,6,Sobrante de 6 unidades,4,2026-03-18 08:02:44.437926
3163,173567,sobrante,1,Sobrante de 1 unidades,34,2026-03-31 04:52:06.414681
2804,146854,sobrante,1,Sobrante de 1 unidades,5,2026-03-18 16:55:33.597225
2808,146969,faltante,2,Faltante de 2 unidades,5,2026-03-18 19:15:00.947757
2810,146865,faltante,1,Faltante de 1 unidades,5,2026-03-18 20:01:08.516676
2813,146995,sobrante,4,Sobrante de 4 unidades,5,2026-03-18 20:19:30.638472
2814,147329,faltante,1,Faltante de 1 unidades,4,2026-03-19 00:21:58.231116
2818,147280,sobrante,12,Sobrante de 12 unidades,4,2026-03-19 00:55:30.611455
2819,147236,faltante,1,Faltante de 1 unidades,4,2026-03-19 00:59:56.182794
2821,147359,sobrante,1,Sobrante de 1 unidades,4,2026-03-19 01:44:19.933026
2828,147803,faltante,2,Faltante de 2 unidades,4,2026-03-19 06:22:38.382365
2830,147851,faltante,2,Faltante de 2 unidades,4,2026-03-19 06:24:55.917548
2836,147997,faltante,9,Faltante de 9 unidades,4,2026-03-19 07:08:03.22639
2840,148201,sobrante,1,"",4,2026-03-19 10:41:27.43264
2841,148201,sobrante,1,Sobrante de 1 unidades,4,2026-03-19 10:41:27.432642
2842,148198,sobrante,1,sin novedad,4,2026-03-19 11:06:24.963439
2843,148198,sobrante,1,Sobrante de 1 unidades,4,2026-03-19 11:06:24.963441
2844,148185,sobrante,1,"",4,2026-03-19 11:08:38.104548
2845,148185,sobrante,1,Sobrante de 1 unidades,4,2026-03-19 11:08:38.104552
2846,148196,faltante,1,Faltante de 1 unidades,4,2026-03-19 11:11:15.667072
2857,149136,sobrante,6,Sobrante de 6 unidades,8,2026-03-19 20:33:18.711686
2858,149750,sobrante,1,Sobrante de 1 unidades,5,2026-03-19 20:43:23.011319
2859,149683,sobrante,3,Sobrante de 3 unidades,5,2026-03-19 20:46:02.275349
2862,149800,averia,1,sin novedad,4,2026-03-20 03:35:12.79558
2863,149800,faltante,1,Faltante de 1 unidades,4,2026-03-20 03:35:12.795583
2864,149825,sobrante,1,"",4,2026-03-20 03:42:44.043417
2865,149825,sobrante,1,Sobrante de 1 unidades,4,2026-03-20 03:42:44.04342
2866,149977,sobrante,1,sin novedad,4,2026-03-20 04:42:32.266847
2867,149977,sobrante,1,Sobrante de 1 unidades,4,2026-03-20 04:42:32.266851
2868,149939,sobrante,1,Sobrante de 1 unidades,4,2026-03-20 04:44:37.785572
2870,150555,faltante,1,Faltante de 1 unidades,4,2026-03-20 07:13:51.125736
2871,150350,faltante,11,Faltante de 11 unidades,4,2026-03-20 07:30:54.32851
2876,150573,faltante,1,Faltante de 1 unidades,4,2026-03-20 08:39:44.63131
2883,151729,sobrante,30,Sobrante de 30 unidades,5,2026-03-20 18:49:52.026217
2887,152136,averia,1,"",4,2026-03-21 05:08:03.153397
2900,152267,sobrante,1,Sobrante de 1 unidades,4,2026-03-21 06:54:12.573077
2903,152581,faltante,1,Faltante de 1 unidades,4,2026-03-21 08:16:34.894372
2904,152618,faltante,3,Faltante de 3 unidades,4,2026-03-21 08:19:23.409955
2909,152467,sobrante,2,sin novedad,4,2026-03-21 09:38:04.048989
2910,152467,sobrante,2,Sobrante de 2 unidades,4,2026-03-21 09:38:04.048993
2913,152460,faltante,1,Faltante de 1 unidades,4,2026-03-21 09:50:57.442147
2914,152503,sobrante,8,sin novedad,4,2026-03-21 09:52:15.828638
2915,152503,sobrante,8,Sobrante de 8 unidades,4,2026-03-21 09:52:15.828641
2919,152841,sobrante,1,Sobrante de 1 unidades,5,2026-03-22 06:18:35.662478
2929,155354,sobrante,2,Sobrante de 2 unidades,5,2026-03-23 06:30:35.01625
2930,155774,faltante,1,Faltante de 1 unidades,5,2026-03-23 07:47:26.150318
2936,156024,faltante,1,Faltante de 1 unidades,4,2026-03-23 13:24:21.761989
2937,155930,faltante,2,Faltante de 2 unidades,4,2026-03-23 14:08:19.594346
2938,156008,sobrante,12,sin novedad,4,2026-03-23 14:23:15.610869
2939,156008,sobrante,12,Sobrante de 12 unidades,4,2026-03-23 14:23:15.610872
2940,156128,faltante,6,Faltante de 6 unidades,4,2026-03-23 14:30:52.58241
2941,156329,sobrante,1,sin novedad,4,2026-03-23 15:33:01.231124
2942,156329,sobrante,1,Sobrante de 1 unidades,4,2026-03-23 15:33:01.231128
2944,156177,averia,1,sin novedad,4,2026-03-23 16:33:42.22327
2947,156625,sobrante,1,"",4,2026-03-23 17:36:12.445374
2948,156625,sobrante,1,Sobrante de 1 unidades,4,2026-03-23 17:36:12.445377
2949,156410,faltante,4,Faltante de 4 unidades,4,2026-03-23 17:43:19.953567
2953,156516,faltante,1,Faltante de 1 unidades,4,2026-03-23 20:06:25.10238
2954,156413,faltante,1,Faltante de 1 unidades,4,2026-03-23 21:26:33.839533
2963,157235,faltante,1,Faltante de 1 unidades,21,2026-03-24 06:26:39.23524
2964,157148,faltante,7,Faltante de 7 unidades,21,2026-03-24 06:26:57.746778
2965,157164,faltante,2,Faltante de 2 unidades,21,2026-03-24 06:28:17.74736
2966,157228,faltante,42,Faltante de 42 unidades,21,2026-03-24 06:29:06.899242
2968,157139,faltante,1,Faltante de 1 unidades,21,2026-03-24 06:34:04.177466
2972,157193,faltante,18,Faltante de 18 unidades,21,2026-03-24 06:35:06.149965
2974,157186,faltante,28,Faltante de 28 unidades,21,2026-03-24 06:35:48.799202
2976,157137,faltante,1,Faltante de 1 unidades,21,2026-03-24 06:43:02.128319
2978,157135,faltante,10,Faltante de 10 unidades,21,2026-03-24 06:48:28.826024
2980,157220,faltante,1,Faltante de 1 unidades,21,2026-03-24 06:49:35.125634
2982,157158,faltante,1,Faltante de 1 unidades,21,2026-03-24 06:49:52.254811
2983,157205,faltante,2,Faltante de 2 unidades,21,2026-03-24 06:50:31.515615
2985,157237,faltante,3,Faltante de 3 unidades,21,2026-03-24 06:50:52.972309
2986,157161,faltante,1,Faltante de 1 unidades,21,2026-03-24 06:51:43.326976
2987,157136,faltante,1,Faltante de 1 unidades,21,2026-03-24 06:53:06.041186
2988,157146,faltante,2,Faltante de 2 unidades,21,2026-03-24 06:53:10.162903
2989,157190,faltante,1,Faltante de 1 unidades,21,2026-03-24 06:53:58.368832
2990,157184,faltante,1,Faltante de 1 unidades,21,2026-03-24 06:54:13.933562
2991,157187,faltante,4,Faltante de 4 unidades,21,2026-03-24 06:54:43.933915
2992,157218,faltante,1,Faltante de 1 unidades,21,2026-03-24 06:55:15.962057
2994,157214,faltante,1,Faltante de 1 unidades,21,2026-03-24 06:55:31.453778
2995,157166,faltante,4,Faltante de 4 unidades,21,2026-03-24 06:56:57.799433
2997,157231,faltante,4,Faltante de 4 unidades,21,2026-03-24 06:59:41.717279
3001,157194,faltante,1,Faltante de 1 unidades,21,2026-03-24 07:11:53.837867
3002,158298,sobrante,2,Sobrante de 2 unidades,21,2026-03-24 07:14:18.306686
3005,157123,faltante,3,Faltante de 3 unidades,21,2026-03-24 07:16:40.816997
3009,157211,faltante,2,Faltante de 2 unidades,21,2026-03-24 07:17:44.649145
3010,157210,faltante,2,Faltante de 2 unidades,21,2026-03-24 07:18:10.038312
3012,157198,faltante,6,Faltante de 6 unidades,21,2026-03-24 07:27:33.668997
3015,158933,faltante,1,Faltante de 1 unidades,4,2026-03-24 13:50:49.376945
3016,159113,faltante,1,sin novedad,14,2026-03-24 16:17:25.882835
3023,159912,averia,58,sin novedad,5,2026-03-25 13:16:09.743067
3026,160622,sobrante,9,Sobrante de 9 unidades,5,2026-03-25 14:00:46.445376
3027,161506,averia,1,sin novedad,4,2026-03-26 03:48:02.449086
3029,162065,sobrante,1,Sobrante de 1 unidades,4,2026-03-26 04:21:41.826834
3033,161916,sobrante,1,sin novedad,4,2026-03-26 04:50:35.177314
3034,161916,sobrante,1,Sobrante de 1 unidades,4,2026-03-26 04:50:35.177317
3035,162305,faltante,2,sin novedad,4,2026-03-26 07:24:56.517743
3036,162305,faltante,2,Faltante de 2 unidades,4,2026-03-26 07:24:56.517746
3167,173951,faltante,2,Faltante de 2 unidades,34,2026-03-31 05:25:23.532007
3169,173265,sobrante,47,Sobrante de 47 unidades,21,2026-03-31 07:07:32.227741
3040,162522,faltante,2,Faltante de 2 unidades,4,2026-03-26 07:47:18.042553
3041,162356,sobrante,1,Sobrante de 1 unidades,4,2026-03-26 08:03:56.214679
3042,162603,averia,1,sin novedad,33,2026-03-26 13:16:43.018176
3170,173299,sobrante,104,Sobrante de 104 unidades,21,2026-03-31 07:10:50.797227
3045,163789,faltante,1,Faltante de 1 unidades,4,2026-03-27 00:56:04.098755
3172,173155,sobrante,3,Sobrante de 3 unidades,21,2026-03-31 07:15:06.11007
3173,173441,sobrante,3,Sobrante de 3 unidades,21,2026-03-31 07:17:14.856168
3174,173315,sobrante,2,Sobrante de 2 unidades,21,2026-03-31 07:18:46.440616
3175,173353,sobrante,1,Sobrante de 1 unidades,21,2026-03-31 07:19:21.156363
3176,173164,sobrante,11,Sobrante de 11 unidades,21,2026-03-31 07:22:00.583867
3179,174255,sobrante,1,Sobrante de 1 unidades,34,2026-03-31 08:14:45.031101
3181,173377,faltante,3,Faltante de 3 unidades,21,2026-03-31 09:31:04.195971
3056,164228,sobrante,9,sin novedad,4,2026-03-27 04:46:00.137723
3057,164228,sobrante,9,Sobrante de 9 unidades,4,2026-03-27 04:46:00.137727
3062,164368,sobrante,1,"",4,2026-03-27 06:08:23.756952
3063,164368,sobrante,1,Sobrante de 1 unidades,4,2026-03-27 06:08:23.756957
3064,165069,sobrante,1,"",4,2026-03-27 07:09:52.137402
3065,165069,sobrante,1,Sobrante de 1 unidades,4,2026-03-27 07:09:52.137406
3069,165361,sobrante,1,sin novedad,4,2026-03-27 08:05:22.926744
3070,165361,sobrante,1,Sobrante de 1 unidades,4,2026-03-27 08:05:22.926748
3073,165179,faltante,2,Faltante de 2 unidades,4,2026-03-27 08:16:31.419974
3075,165151,faltante,2,sin novedad,4,2026-03-27 08:21:24.672697
3076,165151,faltante,2,Faltante de 2 unidades,4,2026-03-27 08:21:24.672702
3080,165099,sobrante,62,"",4,2026-03-27 08:46:19.456666
3081,165099,sobrante,62,Sobrante de 62 unidades,4,2026-03-27 08:46:19.45667
3082,165272,sobrante,45,"",4,2026-03-27 08:46:49.682347
3083,165272,sobrante,45,Sobrante de 45 unidades,4,2026-03-27 08:46:49.682351
3085,165192,sobrante,1,1 faltante,4,2026-03-27 09:13:54.622468
3200,175207,averia,1,sin novedad,33,2026-03-31 16:07:19.169409
3202,175809,averia,1,sin novedad,7,2026-03-31 17:50:23.393571
3204,176146,averia,1,sin novedad,7,2026-03-31 21:24:06.297767
3096,167098,averia,1,"",7,2026-03-28 17:58:06.391158
3207,176194,faltante,1,Faltante de 1 unidades,7,2026-03-31 22:08:30.997781
3208,176373,sobrante,2,Sobrante de 2 unidades,33,2026-03-31 22:36:24.811057
3209,176326,averia,1,sin novedad,33,2026-03-31 22:50:44.6505
3210,176491,faltante,1,Faltante de 1 unidades,4,2026-04-01 04:06:43.05342
3211,176477,sobrante,1,Sobrante de 1 unidades,4,2026-04-01 04:23:50.291592
3104,169591,sobrante,1,sin novedad,4,2026-03-29 17:22:22.29043
3105,169591,sobrante,1,Sobrante de 1 unidades,4,2026-03-29 17:22:22.290434
3106,169674,faltante,3,Faltante de 3 unidades,4,2026-03-29 17:56:48.267159
3214,177223,faltante,1,Faltante de 1 unidades,4,2026-04-01 05:26:38.530982
3215,177135,faltante,1,Faltante de 1 unidades,4,2026-04-01 05:38:31.022663
3216,177462,sobrante,1,Sobrante de 1 unidades,4,2026-04-01 06:45:33.582951
3111,169916,faltante,2,Faltante de 2 unidades,4,2026-03-29 22:41:05.146486
3219,177879,faltante,6,Faltante de 6 unidades,4,2026-04-01 08:28:10.008556
3116,169841,faltante,12,Faltante de 12 unidades,4,2026-03-29 23:14:00.789177
3222,177721,faltante,6,Faltante de 6 unidades,4,2026-04-01 08:29:14.379454
3119,169772,faltante,6,sin novedad,4,2026-03-29 23:15:24.000269
3120,169772,faltante,6,Faltante de 6 unidades,4,2026-03-29 23:15:24.000272
3121,169981,faltante,5,Faltante de 5 unidades,4,2026-03-29 23:19:43.722277
3223,177937,faltante,7,Faltante de 7 unidades,4,2026-04-01 08:31:40.669021
3225,178049,sobrante,1,sin novedad,4,2026-04-01 08:36:51.897579
3226,178049,sobrante,1,Sobrante de 1 unidades,4,2026-04-01 08:36:51.897582
3127,171152,faltante,1,Faltante de 1 unidades,6,2026-03-30 16:19:36.283833
3233,177869,sobrante,4,Sobrante de 4 unidades,4,2026-04-01 09:34:30.328847
3235,177687,faltante,12,Faltante de 12 unidades,4,2026-04-01 10:03:08.227034
3236,177993,faltante,12,Faltante de 12 unidades,4,2026-04-01 11:07:52.926321
3237,177664,faltante,12,Faltante de 12 unidades,4,2026-04-01 11:08:13.513872
3139,171212,averia,1,"",6,2026-03-30 17:16:29.790395
3239,177703,faltante,18,Faltante de 18 unidades,4,2026-04-01 11:13:53.358243
3141,171017,faltante,1,Faltante de 1 unidades,6,2026-03-30 17:31:48.363602
3144,171224,faltante,2,Faltante de 2 unidades,7,2026-03-30 17:50:49.404419
3145,171241,sobrante,1,Sobrante de 1 unidades,7,2026-03-30 17:53:59.583876
3146,171013,faltante,1,Faltante de 1 unidades,6,2026-03-30 17:54:53.614264
3242,177708,faltante,3,"",4,2026-04-01 11:20:49.510465
3243,177708,faltante,3,Faltante de 3 unidades,4,2026-04-01 11:20:49.510469
3149,171201,faltante,1,Faltante de 1 unidades,6,2026-03-30 18:02:12.905962
3244,178020,faltante,61,"",4,2026-04-01 11:23:18.696119
3151,171357,sobrante,4,Sobrante de 4 unidades,7,2026-03-30 18:07:22.830239
3152,170852,sobrante,1,Sobrante de 1 unidades,6,2026-03-30 18:19:02.181413
3153,171485,faltante,12,Faltante de 12 unidades,7,2026-03-30 20:50:42.962449
3245,178020,faltante,61,Faltante de 61 unidades,4,2026-04-01 11:23:18.696123
3155,171844,faltante,6,Faltante de 6 unidades,7,2026-03-30 21:07:06.086857
3246,177638,faltante,4,Faltante de 4 unidades,33,2026-04-01 12:08:54.166944
3247,178546,sobrante,1,Sobrante de 1 unidades,33,2026-04-01 13:54:01.632789
3248,178410,averia,1,"",7,2026-04-01 13:57:48.367489
3251,178417,faltante,2,Faltante de 2 unidades,7,2026-04-01 14:17:05.562115
3252,178677,sobrante,10,Sobrante de 10 unidades,33,2026-04-01 14:42:36.811734
3254,178686,sobrante,4,Sobrante de 4 unidades,7,2026-04-01 15:00:22.787244
3256,178921,sobrante,1,Sobrante de 1 unidades,33,2026-04-01 16:50:02.642495
3257,178915,averia,1,"",33,2026-04-01 17:01:05.231707
3262,179540,faltante,3,Faltante de 3 unidades,7,2026-04-01 18:34:56.510181
3267,180450,faltante,1,Faltante de 1 unidades,7,2026-04-01 20:13:13.210106
3269,180357,faltante,1,Faltante de 1 unidades,7,2026-04-01 20:33:56.430627
